id;idade;linhas;temp_cli;renda;fatura;temp_rsd;local;tvcabo;debaut;cancel
TB1;51;4;26;5320,00;543;7,3;A;sim;nao;nao
TB2;36;2;16;5620,00;482;4,5;A;sim;nao;nao
TB3;35;1;15;4860,00;593;4,8;A;nao;nao;nao
TB4;40;1;22;6590,00;1184;6,2;C;sim;nao;nao
TB5;52;1;30;6370,00;634;2,2;A;nao;nao;nao
TB6;38;4;16;6120,00;146;5,6;D;sim;nao;nao
TB7;27;1;18;5600,00;1273;4,8;D;nao;sim;nao
TB8;45;3;29;10080,00;717;4,1;A;sim;nao;nao
TB9;35;1;12;4720,00;446;6,9;A;nao;nao;nao
TB10;30;1;21;5840,00;184;7,2;A;sim;sim;nao
TB11;44;2;34;13550,00;1367;4,9;A;sim;sim;nao
TB12;30;1;23;5750,00;856;8,1;B;nao;nao;nao
TB13;39;2;20;6870,00;592;6,1;D;nao;sim;nao
TB14;39;2;21;6880,00;593;2,8;A;nao;nao;nao
TB15;45;4;18;7160,00;285;8,0;A;sim;sim;nao
TB16;29;2;14;4980,00;311;5,9;A;nao;sim;nao
TB17;40;2;25;8800,00;1280;0,9;A;nao;sim;nao
TB18;31;2;16;5040,00;517;2,3;C;sim;nao;nao
TB19;33;1;25;6440,00;861;7,3;A;sim;sim;nao
TB20;33;1;24;6390,00;207;4,3;C;sim;sim;nao
TB21;39;2;29;10800,00;686;4,6;A;nao;nao;nao
TB22;29;2;13;4230,00;106;4,8;B;sim;nao;nao
TB23;49;1;27;7510,00;275;6,6;A;nao;sim;nao
TB24;46;4;28;9420,00;841;5,6;C;nao;sim;nao
TB25;44;1;23;6400,00;134;6,2;B;sim;nao;nao
TB26;54;1;22;6020,00;207;6,5;D;sim;nao;nao
TB27;31;1;23;6050,00;146;4,9;A;sim;sim;nao
TB28;26;2;13;6060,00;715;5,0;A;sim;nao;nao
TB29;54;4;16;5710,00;121;3,8;D;nao;sim;nao
TB30;47;1;40;18770,00;2239;5,6;B;sim;nao;nao
TB31;49;2;39;17330,00;422;4,1;C;sim;nao;nao
TB32;44;1;29;9940,00;688;4,5;A;sim;sim;nao
TB33;32;1;15;5270,00;584;5,7;A;sim;nao;nao
TB34;51;1;12;4850,00;71;4,6;D;sim;sim;nao
TB35;29;2;14;6150,00;984;2,0;C;sim;nao;nao
TB36;34;4;13;6640,00;229;5,9;D;nao;sim;nao
TB37;45;1;23;6950,00;773;7,0;A;sim;nao;nao
TB38;29;1;12;4330,00;733;2,0;A;sim;nao;nao
TB39;36;1;15;4990,00;1210;7,0;C;sim;sim;nao
TB40;32;2;15;5410,00;449;5,8;D;sim;nao;nao
TB41;38;1;31;9880,00;1033;7,9;C;sim;sim;nao
TB42;40;1;23;7000,00;346;4,0;A;sim;sim;nao
TB43;38;3;12;4690,00;40;7,6;D;nao;sim;nao
TB44;44;1;25;5910,00;354;6,8;C;nao;nao;nao
TB45;47;2;12;5440,00;673;5,2;A;nao;nao;nao
TB46;41;1;17;5970,00;380;6,0;A;nao;sim;nao
TB47;47;1;24;5720,00;500;3,2;C;nao;nao;nao
TB48;37;1;28;7520,00;1377;7,2;D;nao;nao;nao
TB49;37;2;15;5800,00;566;5,6;B;sim;nao;nao
TB50;32;1;25;8070,00;650;5,4;C;sim;sim;nao
TB51;35;1;23;6280,00;758;3,4;C;sim;nao;nao
TB52;42;1;16;6740,00;935;7,5;C;nao;nao;nao
TB53;33;1;13;4890,00;52;4,5;A;nao;nao;nao
TB54;46;1;29;10480,00;723;1,9;A;sim;sim;nao
TB55;40;1;27;6410,00;608;3,2;C;sim;nao;nao
TB56;56;2;22;10250,00;1215;4,3;A;sim;nao;nao
TB57;35;4;14;15870,00;1985;5,1;A;sim;nao;nao
TB58;53;1;26;6820,00;882;4,1;A;nao;nao;nao
TB59;28;2;18;6030,00;663;6,9;C;sim;nao;nao
TB60;37;1;21;6400,00;1229;0,7;A;nao;sim;nao
TB61;36;2;19;5360,00;411;5,6;A;nao;sim;nao
TB62;35;2;20;5020,00;339;1,9;C;sim;nao;nao
TB63;29;3;16;6330,00;869;6,8;A;nao;nao;nao
TB64;34;1;24;6870,00;532;3,8;D;sim;nao;nao
TB65;39;1;19;5810,00;1238;5,4;B;nao;sim;nao
TB66;39;1;25;6120,00;457;1,9;C;sim;sim;nao
TB67;44;1;13;5470,00;793;5,6;D;sim;sim;nao
TB68;28;1;21;5300,00;371;2,4;D;sim;nao;nao
TB69;40;1;21;6010,00;340;5,4;C;sim;nao;nao
TB70;41;2;31;9270,00;891;2,9;D;nao;nao;nao
TB71;51;1;40;11880,00;1846;4,6;C;sim;nao;nao
TB72;35;1;20;5420,00;952;4,1;C;sim;sim;nao
TB73;46;1;18;6400,00;234;8,5;B;nao;sim;nao
TB74;47;1;14;6400,00;473;6,5;D;nao;nao;nao
TB75;26;1;19;6110,00;307;7,7;C;sim;sim;nao
TB76;30;1;20;6240,00;349;5,6;B;sim;nao;nao
TB77;35;2;15;5680,00;1015;4,6;D;sim;nao;nao
TB78;27;3;14;5550,00;873;0,5;B;sim;nao;nao
TB79;27;2;14;5600,00;565;3,8;D;sim;sim;nao
TB80;41;1;25;5780,00;431;4,8;C;sim;sim;nao
TB81;36;1;29;5810,00;970;4,6;A;nao;nao;nao
TB82;32;1;25;8170,00;519;3,5;A;nao;nao;nao
TB83;27;4;12;5790,00;178;7,0;A;sim;nao;nao
TB84;33;1;16;5030,00;331;2,2;C;sim;sim;nao
TB85;55;1;31;9970,00;624;4,2;D;sim;nao;nao
TB86;41;1;14;5180,00;610;8,1;C;sim;sim;nao
TB87;41;2;23;9840,00;131;3,4;C;sim;nao;nao
TB88;42;1;30;7860,00;1859;7,1;A;sim;sim;nao
TB89;32;4;13;5350,00;676;3,1;C;nao;nao;nao
TB90;46;1;13;6960,00;250;5,6;A;sim;sim;nao
TB91;42;3;19;5160,00;396;6,8;D;sim;nao;nao
TB92;41;2;16;4950,00;358;5,8;D;nao;nao;nao
TB93;40;2;15;5220,00;205;8,7;A;sim;nao;nao
TB94;27;1;14;5300,00;906;6,4;A;sim;sim;nao
TB95;39;1;25;8710,00;601;7,2;D;nao;nao;nao
TB96;44;2;29;11820,00;951;5,0;C;sim;sim;nao
TB97;44;3;23;10110,00;614;7,4;A;sim;sim;nao
TB98;42;1;29;8160,00;571;5,2;C;sim;sim;nao
TB99;48;3;18;8090,00;1308;2,9;C;sim;nao;nao
TB100;49;2;19;6120,00;194;8,1;C;sim;sim;nao
TB101;30;1;23;6390,00;203;4,4;D;sim;nao;nao
TB102;38;1;22;5000,00;651;4,2;C;sim;nao;nao
TB103;44;2;28;7080,00;1324;5,8;A;sim;nao;nao
TB104;37;3;12;5990,00;479;6,7;D;sim;nao;nao
TB105;43;2;18;5600,00;672;5,4;C;nao;nao;nao
TB106;38;2;21;6630,00;1148;5,9;A;sim;nao;nao
TB107;40;2;25;7990,00;339;4,6;A;nao;sim;nao
TB108;43;1;24;11000,00;834;6,4;A;sim;sim;nao
TB109;54;1;15;5700,00;147;4,4;C;sim;nao;nao
TB110;47;1;38;15170,00;990;8,7;A;sim;nao;nao
TB111;28;1;15;5160,00;1054;3,8;C;nao;nao;nao
TB112;33;1;24;6140,00;904;4,4;D;sim;nao;nao
TB113;29;1;13;5520,00;548;7,8;B;sim;sim;nao
TB114;40;1;31;10890,00;545;6,8;A;sim;nao;nao
TB115;56;1;36;11270,00;1521;1,6;C;sim;nao;nao
TB116;50;1;37;8140,00;149;8,0;A;sim;nao;nao
TB117;61;4;26;19820,00;1696;2,1;B;sim;sim;nao
TB118;46;1;26;9620,00;998;3,5;B;sim;sim;nao
TB119;44;2;22;8440,00;177;3,5;A;sim;nao;nao
TB120;41;2;22;6820,00;590;7,2;A;nao;sim;nao
TB121;41;1;23;7060,00;461;10,4;A;sim;sim;nao
TB122;47;1;18;6870,00;338;7,3;A;sim;sim;nao
TB123;35;1;23;5520,00;223;5,9;B;sim;nao;nao
TB124;28;2;17;4910,00;624;2,5;B;sim;nao;nao
TB125;31;1;21;5520,00;195;4,0;C;nao;sim;nao
TB126;38;1;30;13220,00;1466;5,8;A;sim;nao;nao
TB127;34;2;23;6420,00;307;1,0;A;nao;nao;nao
TB128;49;3;20;12050,00;212;1,9;A;nao;sim;nao
TB129;38;1;26;6580,00;236;6,4;A;sim;nao;nao
TB130;32;2;13;6900,00;1348;3,7;B;sim;sim;nao
TB131;46;1;28;10400,00;582;5,4;C;nao;nao;nao
TB132;34;4;18;6590,00;863;4,4;C;sim;nao;nao
TB133;31;1;15;6660,00;442;4,5;B;sim;sim;nao
TB134;46;1;25;6840,00;190;3,4;C;nao;nao;nao
TB135;48;4;20;12980,00;2677;2,7;D;nao;nao;nao
TB136;44;1;27;7910,00;182;3,0;A;nao;nao;nao
TB137;35;1;13;5770,00;219;6,7;C;sim;sim;nao
TB138;43;1;36;13160,00;1693;4,9;B;sim;nao;nao
TB139;52;2;25;11870,00;567;3,3;C;sim;nao;nao
TB140;23;1;16;4950,00;305;4,8;D;sim;sim;nao
TB141;35;1;22;5860,00;225;4,6;C;nao;sim;nao
TB142;29;1;21;7190,00;319;7,4;A;sim;nao;nao
TB143;33;1;19;7000,00;688;5,6;A;sim;nao;nao
TB144;47;1;26;7060,00;146;6,4;C;sim;sim;nao
TB145;50;1;21;5340,00;1828;2,6;C;sim;nao;nao
TB146;34;1;13;5520,00;570;7,1;D;sim;sim;nao
TB147;45;1;22;7060,00;255;0,7;C;sim;sim;nao
TB148;33;1;15;5660,00;339;5,4;B;sim;sim;nao
TB149;46;3;12;6870,00;123;5,1;D;nao;nao;nao
TB150;33;3;20;10900,00;684;9,5;C;sim;sim;nao
TB151;44;3;27;15960,00;1426;5,0;C;sim;nao;nao
TB152;55;2;30;6500,00;143;2,5;A;nao;sim;nao
TB153;35;2;17;8320,00;600;3,7;C;sim;nao;nao
TB154;39;1;20;6130,00;471;5,7;B;nao;sim;nao
TB155;44;1;14;5220,00;406;4,6;A;nao;nao;nao
TB156;37;2;14;4580,00;784;5,7;C;nao;sim;nao
TB157;43;1;22;5460,00;346;7,0;A;sim;sim;nao
TB158;35;1;25;6760,00;1211;4,8;A;sim;sim;nao
TB159;29;1;17;4990,00;453;4,0;D;sim;nao;nao
TB160;34;1;19;5080,00;628;4,4;D;nao;nao;nao
TB161;32;1;15;4620,00;231;6,0;A;nao;nao;nao
TB162;33;1;23;6770,00;128;2,1;D;sim;nao;nao
TB163;37;1;25;6460,00;1055;3,8;D;sim;nao;nao
TB164;34;1;13;4890,00;716;5,4;D;sim;nao;nao
TB165;43;2;17;8550,00;897;1,7;A;sim;nao;nao
TB166;28;1;19;5250,00;790;5,5;D;nao;nao;nao
TB167;50;2;26;9110,00;2376;8,4;A;nao;nao;nao
TB168;35;4;14;6510,00;48;6,3;D;sim;nao;nao
TB169;38;2;25;10020,00;357;2,8;A;sim;nao;nao
TB170;37;4;12;7500,00;60;7,7;A;sim;sim;nao
TB171;46;2;30;14530,00;297;5,4;D;nao;nao;nao
TB172;36;2;27;9190,00;1189;4,9;A;nao;nao;nao
TB173;37;1;30;9610,00;1191;6,0;A;sim;nao;nao
TB174;39;2;20;6740,00;787;5,1;A;sim;nao;nao
TB175;35;1;19;5130,00;546;1,5;C;sim;nao;nao
TB176;39;1;24;8020,00;603;9,5;D;sim;nao;nao
TB177;42;1;29;7090,00;414;4,2;D;sim;nao;nao
TB178;35;1;23;6770,00;176;3,9;A;sim;sim;nao
TB179;37;3;18;5720,00;427;5,9;C;sim;nao;nao
TB180;45;1;17;5290,00;141;4,8;D;sim;nao;nao
TB181;50;1;31;10860,00;932;5,9;D;sim;nao;nao
TB182;51;1;36;10490,00;1728;5,0;D;sim;sim;nao
TB183;38;2;25;6970,00;339;8,2;A;sim;nao;nao
TB184;36;2;24;9610,00;811;3,7;D;sim;nao;nao
TB185;34;1;21;5540,00;143;5,6;D;nao;nao;nao
TB186;37;1;18;5400,00;627;7,1;D;sim;nao;nao
TB187;28;2;12;5620,00;680;2,3;B;sim;nao;nao
TB188;52;2;33;19780,00;1360;8,2;B;nao;sim;nao
TB189;34;4;19;5960,00;152;4,7;A;sim;sim;nao
TB190;42;3;22;6270,00;717;4,5;A;sim;sim;nao
TB191;29;1;13;5230,00;372;7,6;A;nao;sim;nao
TB192;29;1;18;5220,00;444;5,3;A;sim;nao;nao
TB193;42;1;13;5390,00;396;3,0;A;sim;sim;nao
TB194;48;1;23;7380,00;257;4,8;C;nao;sim;nao
TB195;44;1;36;10730,00;865;4,7;A;nao;nao;nao
TB196;28;1;15;4990,00;664;5,6;B;sim;nao;nao
TB197;49;1;18;8090,00;299;6,7;A;sim;sim;nao
TB198;36;3;24;9970,00;1193;4,7;D;sim;sim;nao
TB199;40;4;15;7970,00;266;3,2;B;sim;sim;nao
TB200;29;1;18;5190,00;46;2,8;B;sim;nao;nao
TB201;29;1;22;4830,00;472;2,5;C;nao;nao;nao
TB202;41;1;17;5590,00;64;4,1;A;nao;nao;nao
TB203;33;1;26;5980,00;619;2,6;C;sim;nao;nao
TB204;45;2;20;6850,00;407;7,4;D;sim;nao;nao
TB205;33;1;17;5770,00;191;2,4;D;nao;nao;nao
TB206;39;2;26;8790,00;234;4,0;D;sim;sim;nao
TB207;44;1;17;5120,00;135;4,5;C;nao;sim;nao
TB208;42;2;33;16270,00;1309;3,5;B;sim;nao;nao
TB209;31;1;23;5830,00;425;5,3;A;sim;sim;nao
TB210;47;3;13;6820,00;488;4,3;A;nao;sim;nao
TB211;36;3;19;16860,00;305;9,7;C;sim;nao;nao
TB212;44;1;32;9230,00;263;4,9;D;sim;sim;nao
TB213;56;1;49;19390,00;4106;6,2;C;sim;sim;nao
TB214;31;2;19;6000,00;683;1,1;B;sim;nao;nao
TB215;54;1;38;15870,00;1080;2,0;A;sim;nao;nao
TB216;37;2;26;5910,00;1657;6,8;A;sim;nao;nao
TB217;30;2;12;5260,00;434;2,1;C;sim;sim;nao
TB218;30;3;18;5860,00;246;5,3;A;nao;sim;nao
TB219;35;4;16;7230,00;270;7,7;A;sim;nao;nao
TB220;32;1;19;5110,00;796;5,0;D;nao;sim;nao
TB221;38;2;28;8360,00;63;5,2;A;nao;nao;nao
TB222;31;1;19;5300,00;335;5,4;B;sim;sim;nao
TB223;47;2;29;13380,00;1217;7,9;D;sim;nao;nao
TB224;42;1;22;13150,00;76;4,4;D;nao;nao;nao
TB225;56;1;38;14030,00;1830;6,7;A;sim;nao;nao
TB226;36;1;24;6700,00;371;5,3;D;sim;nao;nao
TB227;25;2;12;4700,00;275;8,9;C;nao;sim;nao
TB228;27;1;17;5690,00;708;5,2;C;sim;nao;nao
TB229;32;4;16;4550,00;219;8,5;A;sim;sim;nao
TB230;34;2;13;4560,00;139;3,5;B;sim;sim;nao
TB231;43;2;29;10430,00;456;4,3;C;nao;sim;nao
TB232;39;1;18;6200,00;282;3,5;C;sim;sim;nao
TB233;33;2;23;7530,00;167;3,2;A;nao;nao;nao
TB234;30;2;21;6380,00;1090;2,2;B;sim;sim;nao
TB235;29;1;18;5480,00;550;6,6;C;sim;sim;nao
TB236;33;1;24;7530,00;1432;6,3;C;sim;sim;nao
TB237;41;1;20;5520,00;139;4,8;D;sim;nao;nao
TB238;40;2;19;7920,00;195;4,2;B;nao;nao;nao
TB239;34;1;15;4620,00;538;2,8;A;nao;nao;nao
TB240;43;2;12;5610,00;335;4,1;D;nao;nao;nao
TB241;53;4;37;37190,00;3514;5,6;A;sim;nao;nao
TB242;38;1;15;4890,00;254;1,5;C;nao;sim;nao
TB243;32;3;20;9390,00;789;4,9;A;sim;nao;nao
TB244;35;1;25;8410,00;425;3,8;D;sim;sim;nao
TB245;31;1;21;5400,00;154;7,4;A;sim;nao;nao
TB246;37;1;18;5500,00;917;5,8;C;sim;nao;nao
TB247;49;3;20;7280,00;273;5,0;A;sim;nao;nao
TB248;41;1;34;8480,00;887;3,9;A;nao;nao;nao
TB249;48;5;22;7580,00;1281;4,2;A;nao;nao;nao
TB250;48;2;28;10050,00;434;8,2;C;nao;nao;nao
TB251;42;1;32;7620,00;549;3,1;C;sim;nao;nao
TB252;48;1;35;13090,00;493;3,3;C;nao;nao;nao
TB253;28;1;20;4820,00;464;5,9;C;sim;sim;nao
TB254;47;1;30;9620,00;1878;6,6;A;sim;sim;nao
TB255;47;5;18;5470,00;190;4,2;A;sim;nao;nao
TB256;43;1;26;6360,00;671;7,2;B;nao;nao;nao
TB257;29;1;17;4970,00;771;4,8;D;sim;nao;nao
TB258;41;1;17;6170,00;322;5,5;C;nao;sim;nao
TB259;45;2;31;10570,00;252;6,2;C;sim;sim;nao
TB260;50;2;24;13390,00;930;8,3;A;nao;nao;nao
TB261;33;1;20;5840,00;238;1,4;D;sim;sim;nao
TB262;24;1;13;4250,00;592;3,4;A;sim;nao;nao
TB263;42;1;24;8680,00;333;6,2;D;nao;nao;nao
TB264;34;1;19;5500,00;607;5,0;D;sim;nao;nao
TB265;32;1;16;5100,00;489;2,3;C;sim;nao;nao
TB266;43;1;27;9180,00;976;6,1;A;nao;sim;nao
TB267;43;1;36;14170,00;1810;3,9;A;sim;sim;nao
TB268;30;1;15;5110,00;229;3,8;D;nao;nao;nao
TB269;31;4;16;5880,00;901;1,0;C;sim;nao;nao
TB270;42;1;21;8130,00;474;6,8;A;sim;nao;nao
TB271;42;4;25;8500,00;1280;4,2;A;sim;sim;nao
TB272;35;3;14;5590,00;204;6,7;A;nao;nao;nao
TB273;33;2;12;5400,00;628;2,7;D;sim;nao;nao
TB274;48;1;21;5550,00;147;5,0;D;nao;nao;nao
TB275;56;1;27;6630,00;1233;6,7;A;sim;sim;nao
TB276;44;4;14;5880,00;535;6,0;D;nao;sim;nao
TB277;36;5;16;7900,00;218;4,6;A;nao;sim;nao
TB278;32;1;13;4820,00;156;5,7;A;sim;nao;nao
TB279;31;1;17;4710,00;334;4,4;C;sim;nao;nao
TB280;39;1;16;5150,00;448;5,5;A;nao;nao;nao
TB281;59;1;29;10510,00;767;5,3;A;sim;nao;nao
TB282;32;2;19;6570,00;795;7,2;A;sim;nao;nao
TB283;44;1;18;6130,00;736;3,7;D;sim;nao;nao
TB284;35;2;20;7680,00;268;1,5;A;nao;nao;nao
TB285;28;1;17;5130,00;270;7,3;A;nao;nao;nao
TB286;33;2;21;5910,00;783;4,7;A;sim;nao;nao
TB287;43;1;31;13560,00;804;4,1;C;sim;nao;nao
TB288;32;1;15;5670,00;357;6,9;A;sim;sim;nao
TB289;39;2;17;6530,00;1806;1,3;A;nao;nao;nao
TB290;46;1;34;6930,00;467;8,2;D;sim;nao;nao
TB291;47;1;38;11570,00;145;2,8;A;sim;sim;nao
TB292;55;1;15;6310,00;364;7,8;A;nao;nao;nao
TB293;36;1;28;6730,00;423;3,5;A;sim;sim;nao
TB294;34;2;24;8880,00;747;4,8;D;sim;nao;nao
TB295;37;1;14;5410,00;534;5,8;A;nao;nao;nao
TB296;28;4;12;4650,00;397;6,1;A;sim;sim;nao
TB297;31;1;23;6650,00;578;4,9;D;nao;sim;nao
TB298;40;1;19;8870,00;1491;5,1;A;sim;nao;nao
TB299;49;1;21;5930,00;1155;4,9;D;sim;sim;nao
TB300;46;2;20;6410,00;196;3,4;B;sim;nao;nao
TB301;27;1;17;5150,00;210;1,2;A;nao;nao;nao
TB302;33;1;25;6590,00;343;1,3;C;sim;sim;nao
TB303;43;2;18;5450,00;189;1,3;A;sim;sim;nao
TB304;40;1;29;8110,00;1184;5,8;A;sim;sim;nao
TB305;41;2;19;6160,00;355;8,6;A;sim;nao;nao
TB306;36;2;20;5360,00;354;4,9;D;sim;nao;nao
TB307;35;1;22;6480,00;611;4,9;C;nao;sim;nao
TB308;34;1;25;6920,00;495;1,3;C;sim;sim;nao
TB309;40;2;27;11010,00;2093;4,7;A;sim;sim;nao
TB310;40;1;28;6830,00;249;4,1;C;sim;nao;nao
TB311;43;1;19;5250,00;356;6,3;A;sim;nao;nao
TB312;44;4;25;12640,00;779;4,9;D;sim;nao;nao
TB313;42;2;21;7080,00;1290;6,9;A;sim;nao;nao
TB314;41;1;17;5240,00;66;6,6;B;nao;sim;nao
TB315;37;1;22;7670,00;700;5,3;C;nao;sim;nao
TB316;53;1;20;8350,00;703;5,1;C;nao;sim;nao
TB317;45;3;20;10860,00;146;2,3;C;sim;sim;nao
TB318;35;1;13;4540,00;776;4,8;D;sim;sim;nao
TB319;53;2;17;6480,00;1064;5,4;A;nao;sim;nao
TB320;42;1;34;7190,00;486;7,6;C;sim;sim;nao
TB321;42;1;19;5350,00;373;3,6;A;nao;nao;nao
TB322;41;2;27;8740,00;437;8,7;D;sim;nao;nao
TB323;40;1;27;8200,00;861;1,7;D;nao;sim;nao
TB324;45;1;30;7640,00;284;4,7;A;nao;sim;nao
TB325;32;2;12;5820,00;254;3,9;B;sim;sim;nao
TB326;27;2;12;5760,00;477;6,8;A;sim;nao;nao
TB327;32;4;12;6680,00;629;4,1;C;sim;nao;nao
TB328;38;2;24;10170,00;247;2,5;C;nao;nao;nao
TB329;49;2;19;8230,00;230;1,9;A;sim;nao;nao
TB330;51;1;42;16090,00;1034;2,8;A;sim;nao;nao
TB331;36;4;14;8060,00;642;6,5;A;sim;sim;nao
TB332;58;1;14;6240,00;350;3,1;D;sim;sim;nao
TB333;27;1;12;4930,00;194;6,8;A;sim;nao;nao
TB334;46;1;21;6520,00;590;6,6;D;sim;nao;nao
TB335;32;2;22;6800,00;690;3,6;B;sim;sim;nao
TB336;39;2;14;6650,00;940;2,5;C;nao;sim;nao
TB337;37;1;13;5310,00;259;5,2;C;nao;sim;nao
TB338;49;5;17;5390,00;1252;5,8;A;sim;nao;nao
TB339;35;1;14;7790,00;382;4,3;A;sim;nao;nao
TB340;37;1;14;6090,00;1088;4,5;A;nao;nao;nao
TB341;40;1;23;6160,00;102;5,2;A;nao;nao;nao
TB342;33;1;24;5520,00;146;6,1;A;sim;nao;nao
TB343;40;1;12;5670,00;441;8,2;A;sim;sim;nao
TB344;58;1;39;17390,00;1415;2,3;A;sim;nao;nao
TB345;33;1;19;5250,00;792;4,9;D;nao;sim;nao
TB346;45;4;13;5800,00;839;6,3;C;sim;nao;nao
TB347;44;1;21;6590,00;765;6,2;C;sim;sim;nao
TB348;31;1;15;5090,00;227;1,8;C;sim;sim;nao
TB349;36;2;24;8650,00;291;6,2;D;sim;nao;nao
TB350;49;4;30;11660,00;822;3,6;C;sim;nao;nao
TB351;46;1;19;7420,00;89;6,3;D;sim;sim;nao
TB352;40;2;26;6430,00;239;5,4;A;sim;nao;nao
TB353;30;3;15;5190,00;456;5,0;A;sim;nao;nao
TB354;31;1;23;6450,00;399;4,7;C;sim;nao;nao
TB355;32;1;14;4940,00;242;7,9;A;nao;sim;nao
TB356;33;1;12;4710,00;24;5,2;C;nao;nao;nao
TB357;48;1;20;7880,00;506;4,4;C;sim;nao;nao
TB358;54;1;26;8020,00;1045;7,6;A;sim;sim;nao
TB359;47;1;24;6600,00;1188;6,6;D;sim;nao;nao
TB360;45;1;38;9840,00;65;4,5;B;sim;sim;nao
TB361;32;1;22;5570,00;548;7,1;D;sim;nao;nao
TB362;37;3;21;5610,00;251;7,6;D;sim;nao;nao
TB363;57;1;50;23580,00;2084;4,8;A;nao;nao;nao
TB364;41;1;28;7130,00;94;6,9;D;nao;nao;nao
TB365;35;1;18;6410,00;835;2,8;A;sim;nao;nao
TB366;45;1;31;9980,00;1461;4,7;A;sim;nao;nao
TB367;35;4;15;5360,00;812;5,2;A;sim;sim;nao
TB368;44;2;29;6030,00;347;6,2;A;sim;nao;nao
TB369;48;1;19;6970,00;864;4,1;D;sim;sim;nao
TB370;38;2;18;6520,00;449;7,9;A;sim;sim;nao
TB371;46;1;13;4690,00;215;5,9;C;sim;sim;nao
TB372;35;1;20;5070,00;69;3,5;A;sim;nao;nao
TB373;32;3;13;4670,00;295;4,4;A;sim;sim;nao
TB374;45;1;12;4890,00;386;7,9;C;nao;nao;nao
TB375;49;2;13;5420,00;676;4,2;D;sim;nao;nao
TB376;53;1;18;5720,00;400;4,2;A;nao;nao;nao
TB377;54;3;30;10280,00;479;3,7;C;sim;sim;nao
TB378;29;2;17;5760,00;655;7,0;A;sim;nao;nao
TB379;30;1;16;5060,00;1020;5,8;D;nao;sim;nao
TB380;32;1;22;5070,00;309;0,5;A;sim;nao;nao
TB381;58;1;25;8980,00;1078;3,8;A;sim;nao;nao
TB382;38;1;14;5190,00;333;7,8;C;sim;nao;nao
TB383;36;2;20;5540,00;545;6,4;C;sim;sim;nao
TB384;38;1;18;6070,00;281;2,6;D;nao;sim;nao
TB385;49;3;30;13610,00;2690;8,1;A;sim;sim;nao
TB386;29;3;13;5360,00;212;4,9;D;sim;nao;nao
TB387;29;1;18;5820,00;158;8,2;D;sim;nao;nao
TB388;49;1;36;15960,00;323;5,2;C;sim;sim;nao
TB389;59;1;21;5930,00;594;7,9;A;sim;nao;nao
TB390;47;1;21;6470,00;786;3,6;C;nao;nao;nao
TB391;34;1;19;6660,00;1072;8,2;C;sim;sim;nao
TB392;39;1;16;5780,00;1513;6,4;A;sim;nao;nao
TB393;48;1;18;5290,00;237;4,8;A;sim;nao;nao
TB394;54;3;33;16070,00;925;2,9;C;sim;nao;nao
TB395;31;1;23;5730,00;480;4,7;A;nao;sim;nao
TB396;37;5;15;12880,00;473;6,5;A;sim;nao;nao
TB397;36;1;19;5620,00;1358;4,6;D;sim;sim;nao
TB398;34;3;22;10900,00;856;0,2;C;sim;sim;nao
TB399;43;2;15;6640,00;221;7,3;B;sim;nao;nao
TB400;35;4;18;4870,00;569;4,2;B;sim;nao;nao
TB401;55;1;30;12840,00;666;8,7;C;nao;sim;nao
TB402;41;1;19;6260,00;296;4,5;C;nao;nao;nao
TB403;38;1;19;5180,00;311;8,2;C;nao;nao;nao
TB404;36;1;20;5320,00;652;1,2;B;nao;nao;nao
TB405;50;1;35;13020,00;910;2,6;A;sim;sim;nao
TB406;52;1;22;6610,00;717;5,0;D;sim;nao;nao
TB407;44;3;25;9580,00;297;5,4;C;sim;nao;nao
TB408;37;1;14;4880,00;349;7,2;C;sim;nao;nao
TB409;36;1;27;9730,00;179;3,0;A;sim;nao;nao
TB410;48;2;14;9330,00;50;6,0;D;sim;nao;nao
TB411;31;4;15;5780,00;730;3,7;D;nao;sim;nao
TB412;27;3;13;5720,00;259;5,2;D;sim;nao;nao
TB413;54;4;31;9910,00;1048;1,5;D;sim;sim;nao
TB414;33;2;16;6550,00;159;4,0;C;sim;nao;nao
TB415;38;3;15;4960,00;898;4,3;C;nao;sim;nao
TB416;40;1;18;6330,00;192;4,5;A;sim;nao;nao
TB417;31;1;12;5040,00;49;7,7;A;sim;sim;nao
TB418;27;3;15;4840,00;689;4,6;B;sim;nao;nao
TB419;42;1;17;6360,00;678;6,3;A;sim;sim;nao
TB420;37;4;20;4940,00;686;2,8;C;sim;nao;nao
TB421;50;2;21;10250,00;371;5,8;C;nao;nao;nao
TB422;32;1;15;5190,00;378;4,0;B;sim;nao;nao
TB423;34;2;22;6950,00;180;6,8;B;nao;nao;nao
TB424;37;1;30;6590,00;1242;5,6;C;sim;sim;nao
TB425;24;1;13;4470,00;318;2,1;A;sim;sim;nao
TB426;35;1;25;6650,00;739;1,8;B;sim;sim;nao
TB427;45;4;24;6360,00;1000;8,5;D;sim;sim;nao
TB428;33;4;17;5450,00;176;7,4;D;sim;nao;nao
TB429;35;2;19;5380,00;213;5,9;C;sim;sim;nao
TB430;43;2;26;10140,00;1632;3,4;A;sim;nao;nao
TB431;46;1;36;13670,00;872;7,2;C;sim;sim;nao
TB432;29;1;21;6150,00;1105;1,6;A;sim;sim;nao
TB433;30;2;15;5580,00;504;3,3;D;sim;nao;nao
TB434;36;1;19;5810,00;180;1,2;B;sim;nao;nao
TB435;29;3;15;6670,00;707;3,9;C;nao;nao;nao
TB436;45;2;32;11030,00;932;5,9;C;sim;nao;nao
TB437;30;3;18;7090,00;738;6,0;A;sim;sim;nao
TB438;52;2;17;6490,00;404;4,2;A;sim;nao;nao
TB439;45;2;26;13850,00;342;2,8;C;nao;nao;nao
TB440;57;2;42;17810,00;803;6,2;D;sim;nao;nao
TB441;46;1;20;6680,00;446;6,0;C;sim;nao;nao
TB442;35;2;22;6190,00;378;7,2;D;nao;sim;nao
TB443;42;1;16;5390,00;533;5,0;A;sim;nao;nao
TB444;52;2;23;8630,00;593;5,3;A;sim;sim;nao
TB445;42;3;29;21390,00;1345;5,0;A;nao;sim;nao
TB446;48;4;25;17520,00;388;3,8;A;sim;sim;nao
TB447;44;4;19;8470,00;379;3,0;A;sim;nao;nao
TB448;34;2;24;5420,00;691;3,8;A;nao;sim;nao
TB449;31;2;17;5440,00;330;1,0;C;sim;nao;nao
TB450;33;2;23;6450,00;696;4,2;A;nao;nao;nao
TB451;58;2;32;28530,00;456;2,0;B;sim;nao;nao
TB452;43;1;24;7070,00;197;3,1;D;sim;nao;nao
TB453;34;2;21;7250,00;440;6,4;A;sim;nao;nao
TB454;35;1;20;5750,00;1033;4,3;A;sim;nao;nao
TB455;39;1;32;10560,00;982;6,7;D;sim;nao;nao
TB456;42;1;15;5510,00;198;0,4;A;sim;nao;nao
TB457;40;2;30;7480,00;584;6,4;D;sim;sim;nao
TB458;53;1;37;16530,00;1469;5,7;C;nao;sim;nao
TB459;37;1;28;11290,00;220;6,9;D;sim;nao;nao
TB460;58;1;32;8580,00;710;5,5;A;sim;nao;nao
TB461;50;1;41;17380,00;1927;5,4;A;nao;nao;nao
TB462;29;4;13;5600,00;588;6,2;D;nao;sim;nao
TB463;39;1;31;6590,00;1173;3,2;C;sim;nao;nao
TB464;29;4;13;8950,00;309;3,8;A;sim;sim;nao
TB465;28;2;17;8450,00;424;9,8;A;sim;nao;nao
TB466;52;1;18;7150,00;376;9,3;D;nao;sim;nao
TB467;35;3;13;5370,00;463;4,2;A;nao;nao;nao
TB468;54;4;33;26080,00;3236;3,0;C;sim;nao;nao
TB469;53;1;40;19420,00;1254;4,3;A;sim;nao;nao
TB470;26;4;12;4770,00;134;2,4;A;nao;nao;nao
TB471;43;1;20;5570,00;257;3,6;D;sim;sim;nao
TB472;49;3;28;8370,00;697;4,5;C;nao;sim;nao
TB473;49;1;35;8360,00;363;4,7;C;nao;sim;nao
TB474;27;1;19;4820,00;275;0,7;A;sim;sim;nao
TB475;46;1;27;13830,00;2207;3,0;A;sim;sim;nao
TB476;46;4;32;19770,00;531;6,9;A;sim;nao;nao
TB477;24;1;13;4780,00;217;0,7;D;sim;nao;nao
TB478;36;1;15;4950,00;88;2,4;A;sim;sim;nao
TB479;36;1;27;8460,00;795;4,7;C;nao;nao;nao
TB480;37;1;28;6730,00;325;5,0;A;nao;sim;nao
TB481;36;1;28;7290,00;139;5,8;C;sim;nao;nao
TB482;43;1;36;10680,00;420;5,9;A;nao;sim;nao
TB483;36;1;13;4940,00;355;7,1;C;sim;sim;nao
TB484;26;1;18;5690,00;403;4,9;D;nao;nao;nao
TB485;40;1;24;6620,00;491;6,1;D;sim;nao;nao
TB486;52;1;26;8570,00;491;7,3;A;sim;nao;nao
TB487;37;2;21;6710,00;1123;1,9;C;sim;sim;nao
TB488;40;3;24;12910,00;90;3,2;A;sim;nao;nao
TB489;37;3;21;7590,00;478;1,9;C;sim;nao;nao
TB490;48;4;30;22460,00;1495;4,1;D;nao;nao;nao
TB491;41;2;22;9320,00;651;5,3;C;nao;sim;nao
TB492;39;2;26;8040,00;488;6,9;C;sim;sim;nao
TB493;42;1;22;7200,00;815;6,2;B;sim;nao;nao
TB494;32;2;21;7010,00;134;2,3;A;sim;sim;nao
TB495;44;1;24;6940,00;446;4,7;A;sim;nao;nao
TB496;43;1;17;6720,00;288;7,0;C;sim;nao;nao
TB497;35;2;24;6680,00;279;2,2;C;sim;nao;nao
TB498;38;2;20;7390,00;1398;5,2;A;nao;sim;nao
TB499;34;3;20;5580,00;541;1,7;C;sim;sim;nao
TB500;48;1;34;8590,00;747;8,3;D;sim;sim;nao
TB501;53;2;19;7880,00;786;5,3;C;sim;nao;nao
TB502;37;1;29;5960,00;271;2,6;D;sim;nao;nao
TB503;39;1;18;6590,00;257;8,0;B;sim;nao;nao
TB504;40;4;18;8530,00;592;5,1;C;sim;nao;nao
TB505;40;2;26;8650,00;1371;6,8;D;sim;nao;nao
TB506;36;4;15;6430,00;704;0,8;B;nao;nao;nao
TB507;33;1;25;7750,00;366;6,1;D;sim;nao;nao
TB508;30;1;15;5050,00;135;5,5;D;sim;nao;nao
TB509;46;3;13;6320,00;437;3,9;A;sim;nao;nao
TB510;34;2;19;4660,00;120;2,9;C;sim;nao;nao
TB511;43;1;26;8240,00;673;5,3;A;nao;nao;nao
TB512;50;1;21;4930,00;258;8,6;C;sim;sim;nao
TB513;48;3;17;6580,00;1666;1,7;A;sim;nao;nao
TB514;46;1;25;6480,00;307;4,7;B;sim;sim;nao
TB515;47;1;34;12630,00;1154;1,0;C;nao;sim;nao
TB516;51;2;40;19800,00;2073;3,5;C;sim;nao;nao
TB517;50;3;35;22720,00;620;1,2;C;nao;nao;nao
TB518;44;2;18;5900,00;213;6,0;B;nao;sim;nao
TB519;30;1;13;4630,00;377;4,9;C;sim;nao;nao
TB520;35;2;13;5150,00;299;6,2;C;nao;nao;nao
TB521;35;3;18;5490,00;1205;5,5;C;sim;nao;nao
TB522;38;3;24;14000,00;666;2,7;D;sim;nao;nao
TB523;25;1;13;4580,00;255;1,9;A;sim;nao;nao
TB524;36;1;27;10100,00;1132;6,5;D;sim;sim;nao
TB525;45;1;34;14990,00;3925;5,4;C;nao;nao;nao
TB526;37;3;20;15830,00;2270;7,8;A;nao;nao;nao
TB527;52;1;17;6240,00;332;7,6;C;sim;nao;nao
TB528;27;2;14;5390,00;69;4,0;A;sim;sim;nao
TB529;44;3;28;5250,00;290;4,6;C;sim;sim;nao
TB530;32;1;22;9270,00;823;4,2;A;sim;sim;nao
TB531;49;2;35;12930,00;161;7,5;A;sim;nao;nao
TB532;54;1;17;5490,00;703;3,4;C;nao;nao;nao
TB533;40;3;18;18700,00;1458;1,3;D;sim;sim;nao
TB534;58;1;20;5530,00;1357;6,8;D;sim;nao;nao
TB535;47;1;38;12600,00;2989;6,9;C;nao;nao;nao
TB536;49;2;33;9320,00;1124;3,6;D;sim;nao;nao
TB537;34;1;12;7540,00;929;4,7;B;nao;nao;nao
TB538;36;5;17;9600,00;194;5,3;A;sim;nao;nao
TB539;32;2;18;6450,00;265;7,2;A;nao;nao;nao
TB540;41;2;14;7680,00;1116;7,4;C;sim;nao;nao
TB541;48;1;23;8730,00;599;5,2;D;nao;nao;nao
TB542;49;4;15;9530,00;1383;6,4;A;sim;sim;nao
TB543;58;1;31;14760,00;277;7,7;C;sim;sim;nao
TB544;46;1;32;8720,00;546;6,6;B;sim;nao;nao
TB545;36;1;26;7200,00;1155;6,5;A;nao;nao;nao
TB546;49;1;15;6410,00;202;4,7;C;nao;nao;nao
TB547;46;1;18;5300,00;159;2,2;A;nao;nao;nao
TB548;39;1;31;6980,00;344;5,9;A;sim;nao;nao
TB549;32;2;15;5610,00;345;5,7;A;sim;sim;nao
TB550;53;1;21;6690,00;361;3,3;C;sim;nao;nao
TB551;45;2;26;16200,00;1187;8,0;C;sim;nao;nao
TB552;40;1;18;5310,00;189;8,3;D;sim;nao;nao
TB553;42;3;17;10510,00;500;2,9;D;nao;sim;nao
TB554;35;1;27;6920,00;438;3,3;C;nao;nao;nao
TB555;46;2;28;15720,00;830;6,4;D;nao;nao;nao
TB556;50;4;14;9400,00;1409;3,2;C;sim;nao;nao
TB557;36;2;12;4890,00;60;2,4;A;sim;nao;nao
TB558;43;1;13;6450,00;767;2,9;A;nao;nao;nao
TB559;44;1;15;6510,00;455;0,3;D;nao;nao;nao
TB560;41;1;16;5360,00;48;6,5;A;sim;nao;nao
TB561;45;3;18;8540,00;648;7,0;A;sim;nao;nao
TB562;46;1;29;7060,00;1751;9,8;C;sim;sim;nao
TB563;48;2;34;17270,00;1970;3,2;D;sim;nao;nao
TB564;36;2;23;6000,00;330;7,3;A;nao;sim;nao
TB565;39;1;30;10160,00;1189;8,0;A;sim;nao;nao
TB566;37;3;16;5610,00;766;3,0;C;nao;nao;nao
TB567;49;3;16;6850,00;365;5,5;A;sim;sim;nao
TB568;34;1;26;8030,00;517;6,4;D;sim;sim;nao
TB569;35;1;21;6080,00;190;3,5;A;sim;sim;nao
TB570;26;1;19;5100,00;175;2,7;D;sim;nao;nao
TB571;27;1;12;4950,00;357;1,8;C;sim;nao;nao
TB572;33;1;16;4900,00;512;4,9;D;sim;nao;nao
TB573;47;2;22;7770,00;633;2,5;D;nao;sim;nao
TB574;37;3;25;11330,00;873;6,7;A;nao;sim;nao
TB575;42;1;34;9280,00;527;4,1;A;nao;sim;nao
TB576;51;2;41;14690,00;1489;9,1;D;sim;sim;nao
TB577;37;1;29;7090,00;486;4,8;A;sim;sim;nao
TB578;29;1;12;4750,00;659;4,3;C;sim;sim;nao
TB579;47;1;19;7140,00;481;4,4;A;sim;nao;nao
TB580;42;3;15;8870,00;339;7,4;B;sim;sim;nao
TB581;46;1;14;4820,00;560;6,6;C;nao;nao;nao
TB582;32;1;25;7670,00;1058;6,9;D;sim;nao;nao
TB583;41;1;29;11550,00;522;12,9;A;sim;nao;nao
TB584;54;1;18;6610,00;184;4,7;D;sim;sim;nao
TB585;50;3;37;19190,00;2479;7,7;C;sim;nao;nao
TB586;42;2;31;11700,00;503;5,2;D;sim;sim;nao
TB587;32;1;25;6060,00;658;4,0;D;sim;nao;nao
TB588;39;1;19;5320,00;887;6,5;C;nao;nao;nao
TB589;40;2;25;9980,00;140;5,9;C;sim;nao;nao
TB590;49;4;21;7710,00;803;4,8;D;nao;nao;nao
TB591;46;2;31;10470,00;862;5,3;B;sim;nao;nao
TB592;45;2;31;12100,00;785;7,4;C;sim;nao;nao
TB593;51;2;26;9250,00;1003;4,7;D;nao;sim;nao
TB594;41;1;30;10790,00;392;1,7;D;sim;sim;nao
TB595;41;3;12;7300,00;1132;6,0;A;nao;sim;nao
TB596;52;1;17;7720,00;511;4,2;D;nao;nao;nao
TB597;52;2;28;10970,00;1859;6,9;A;sim;nao;nao
TB598;36;1;20;6720,00;542;1,7;C;sim;sim;nao
TB599;46;1;19;6020,00;263;4,7;B;sim;sim;nao
TB600;31;1;21;5330,00;505;9,7;A;sim;sim;nao
TB601;35;2;19;4790,00;471;6,6;C;sim;nao;nao
TB602;36;3;12;6230,00;1307;7,0;D;sim;nao;nao
TB603;29;1;15;5080,00;65;4,5;A;sim;sim;nao
TB604;60;1;19;5560,00;881;3,5;A;sim;nao;nao
TB605;39;1;30;7100,00;172;5,1;C;nao;sim;nao
TB606;45;3;24;9970,00;503;2,8;C;sim;sim;nao
TB607;46;2;32;7370,00;348;5,2;A;nao;nao;nao
TB608;44;1;27;7150,00;917;8,5;A;sim;nao;nao
TB609;39;1;31;6890,00;1208;5,9;C;sim;sim;nao
TB610;39;1;25;7200,00;194;3,2;A;nao;nao;nao
TB611;43;2;14;7130,00;41;2,5;C;sim;sim;nao
TB612;26;1;19;5180,00;424;7,3;C;sim;nao;nao
TB613;43;1;21;7240,00;1043;5,2;C;sim;nao;nao
TB614;29;2;19;6840,00;650;6,7;C;sim;nao;nao
TB615;39;1;16;5730,00;454;7,8;D;sim;nao;nao
TB616;34;1;16;5250,00;359;8,0;D;sim;nao;nao
TB617;39;1;19;6830,00;473;4,4;C;sim;nao;nao
TB618;38;2;21;6600,00;99;4,9;B;sim;nao;nao
TB619;32;2;16;5220,00;517;4,5;A;nao;nao;nao
TB620;30;1;20;5620,00;248;6,9;A;sim;sim;nao
TB621;36;1;24;8560,00;1098;4,8;A;sim;sim;nao
TB622;32;2;21;7010,00;573;6,6;A;nao;sim;nao
TB623;50;1;22;7830,00;1425;4,7;A;nao;sim;nao
TB624;44;2;16;5910,00;1034;7,8;C;sim;nao;nao
TB625;32;5;15;10260,00;1224;4,2;C;sim;sim;nao
TB626;44;1;23;5510,00;371;3,9;D;sim;sim;nao
TB627;42;2;29;7050,00;693;7,5;C;sim;sim;nao
TB628;39;1;20;5760,00;310;9,4;A;sim;sim;nao
TB629;32;1;23;7400,00;949;6,7;C;sim;sim;nao
TB630;47;1;17;5100,00;387;8,2;A;sim;sim;nao
TB631;32;1;13;5840,00;270;4,0;C;sim;nao;nao
TB632;39;2;22;5760,00;379;6,2;A;sim;nao;nao
TB633;37;1;17;5230,00;287;7,1;C;sim;sim;nao
TB634;41;1;31;6630,00;416;10,6;A;sim;nao;nao
TB635;54;2;44;26300,00;2169;2,6;C;nao;nao;nao
TB636;27;1;12;4290,00;361;2,6;D;nao;nao;nao
TB637;25;1;15;4570,00;325;7,4;C;sim;sim;nao
TB638;29;1;16;5440,00;294;5,9;A;sim;sim;nao
TB639;56;1;43;20540,00;3331;5,7;C;sim;sim;nao
TB640;49;1;42;18290,00;667;6,6;A;sim;sim;nao
TB641;38;4;12;8000,00;556;4,4;A;sim;sim;nao
TB642;48;1;35;10140,00;431;5,9;B;nao;nao;nao
TB643;38;1;28;6840,00;634;10,4;B;nao;nao;nao
TB644;56;1;29;7500,00;762;6,0;A;sim;sim;nao
TB645;44;2;33;11120,00;423;5,7;A;nao;sim;nao
TB646;37;2;19;7260,00;1987;3,5;A;nao;sim;nao
TB647;36;2;20;7600,00;1245;3,9;A;sim;sim;nao
TB648;46;1;27;6690,00;699;6,4;D;sim;sim;nao
TB649;30;1;17;4910,00;260;8,5;C;sim;nao;nao
TB650;53;1;28;6110,00;706;6,3;C;sim;sim;nao
TB651;56;1;49;24770,00;827;5,6;B;nao;nao;nao
TB652;49;2;30;11200,00;738;3,2;D;nao;sim;nao
TB653;36;1;28;8410,00;735;1,5;A;sim;nao;nao
TB654;48;1;14;4870,00;646;6,1;C;nao;sim;nao
TB655;34;4;17;5840,00;1090;6,9;D;sim;nao;nao
TB656;42;1;34;9420,00;1450;8,9;D;sim;sim;nao
TB657;51;4;17;6870,00;998;5,7;A;nao;sim;nao
TB658;29;1;20;5900,00;914;6,3;C;sim;nao;nao
TB659;48;2;15;8470,00;111;3,0;A;sim;nao;nao
TB660;49;1;39;11300,00;1012;4,2;D;sim;nao;nao
TB661;29;2;18;5400,00;1344;7,0;A;sim;nao;nao
TB662;33;3;18;6150,00;404;7,3;A;nao;sim;nao
TB663;37;1;13;5410,00;416;2,3;B;sim;sim;nao
TB664;30;1;17;5060,00;177;4,7;C;sim;sim;nao
TB665;47;1;39;12500,00;1062;8,6;D;nao;nao;nao
TB666;33;2;12;5000,00;101;4,9;A;nao;nao;nao
TB667;46;1;17;5460,00;255;0,3;D;nao;sim;nao
TB668;39;1;25;7080,00;1603;5,6;C;sim;nao;nao
TB669;34;1;20;6190,00;201;6,6;A;nao;nao;nao
TB670;28;1;16;5000,00;1093;3,1;D;sim;nao;nao
TB671;43;3;21;23050,00;779;4,1;A;sim;nao;nao
TB672;33;2;14;4970,00;1148;4,8;C;sim;nao;nao
TB673;45;4;15;5640,00;112;6,6;C;sim;sim;nao
TB674;30;3;17;7060,00;744;3,7;A;nao;nao;nao
TB675;24;1;14;4530,00;538;4,7;C;sim;nao;nao
TB676;41;2;19;7150,00;974;0,1;A;sim;sim;nao
TB677;31;2;19;5050,00;266;6,1;A;nao;nao;nao
TB678;32;1;23;8100,00;2539;6,9;C;sim;sim;nao
TB679;32;2;19;7940,00;1113;3,0;B;sim;nao;nao
TB680;41;1;32;9740,00;362;3,5;C;nao;nao;nao
TB681;35;3;20;5390,00;68;3,6;A;sim;nao;nao
TB682;24;1;13;4500,00;616;2,7;A;sim;sim;nao
TB683;31;1;21;6110,00;835;1,0;D;sim;sim;nao
TB684;36;1;29;5820,00;290;5,5;A;sim;sim;nao
TB685;49;4;19;42130,00;3193;5,7;A;sim;sim;nao
TB686;51;2;16;6210,00;316;4,7;B;sim;nao;nao
TB687;53;1;36;12620,00;170;6,6;C;sim;nao;nao
TB688;34;1;16;5440,00;375;8,3;B;sim;sim;nao
TB689;35;2;21;8000,00;1745;5,6;D;nao;sim;nao
TB690;36;1;17;4940,00;507;5,2;A;nao;nao;nao
TB691;44;2;16;6790,00;266;3,6;C;sim;nao;nao
TB692;40;2;22;10310,00;582;7,3;B;sim;nao;nao
TB693;41;2;20;6630,00;90;4,4;A;nao;nao;nao
TB694;45;2;34;13600,00;1126;4,3;C;sim;nao;nao
TB695;39;2;22;6640,00;357;5,6;C;sim;nao;nao
TB696;43;2;32;13750,00;1271;3,0;A;sim;sim;nao
TB697;40;3;13;5560,00;205;8,5;A;nao;sim;nao
TB698;32;1;21;7030,00;473;10,4;A;sim;nao;nao
TB699;31;1;21;5170,00;432;1,0;D;nao;nao;nao
TB700;47;2;26;7720,00;1762;3,9;C;sim;nao;nao
TB701;43;1;32;8300,00;756;1,7;D;sim;nao;nao
TB702;27;1;13;4650,00;677;5,9;A;nao;nao;nao
TB703;53;2;23;6520,00;695;4,7;C;sim;sim;nao
TB704;35;1;15;5580,00;126;5,8;C;sim;nao;nao
TB705;37;3;14;4770,00;324;0,8;A;nao;sim;nao
TB706;39;2;27;6320,00;606;7,7;A;nao;nao;nao
TB707;27;1;14;4560,00;149;2,8;A;sim;sim;nao
TB708;35;1;15;4690,00;676;7,7;C;nao;nao;nao
TB709;48;1;29;8960,00;620;1,1;C;nao;nao;nao
TB710;38;2;14;5600,00;644;4,7;A;sim;nao;nao
TB711;28;3;14;4960,00;128;6,6;A;sim;nao;nao
TB712;33;2;16;6790,00;1185;7,8;A;nao;nao;nao
TB713;47;4;33;24120,00;1965;4,1;C;sim;nao;nao
TB714;41;2;27;12330,00;833;6,7;A;nao;sim;nao
TB715;44;1;33;8720,00;544;3,1;A;sim;sim;nao
TB716;49;1;21;6370,00;160;3,3;C;nao;sim;nao
TB717;52;1;32;10640,00;1170;6,3;C;sim;sim;nao
TB718;57;5;38;41980,00;1251;7,9;D;sim;nao;nao
TB719;60;1;22;8540,00;98;7,3;A;sim;sim;nao
TB720;42;2;27;7780,00;82;4,8;A;nao;nao;nao
TB721;38;2;20;5720,00;218;3,1;C;sim;nao;nao
TB722;25;1;18;4960,00;472;3,6;A;sim;sim;nao
TB723;47;3;18;6820,00;34;6,1;A;sim;nao;nao
TB724;48;1;29;8800,00;1138;1,4;C;nao;nao;nao
TB725;36;1;28;10520,00;348;6,9;C;nao;sim;nao
TB726;40;2;29;7160,00;826;1,1;B;sim;sim;nao
TB727;33;1;20;5730,00;275;6,3;C;sim;nao;nao
TB728;49;2;34;12420,00;974;6,2;D;sim;nao;nao
TB729;38;3;21;6420,00;446;6,7;C;nao;nao;nao
TB730;41;2;24;8910,00;454;6,6;D;sim;nao;nao
TB731;31;1;13;5810,00;365;8,0;A;sim;nao;nao
TB732;54;2;17;5770,00;740;5,3;C;nao;nao;nao
TB733;53;1;38;22120,00;703;0,6;A;sim;nao;nao
TB734;48;1;20;6500,00;1047;0,7;C;nao;nao;nao
TB735;32;1;13;5290,00;53;7,1;A;nao;nao;nao
TB736;34;1;17;5250,00;656;5,4;B;sim;sim;nao
TB737;42;1;28;6570,00;774;3,9;B;nao;nao;nao
TB738;29;1;21;6110,00;430;2,9;B;nao;nao;nao
TB739;38;1;28;10800,00;1652;2,8;C;sim;nao;nao
TB740;58;1;12;5290,00;203;5,4;D;sim;nao;nao
TB741;34;3;17;8050,00;378;1,4;A;sim;sim;nao
TB742;42;1;19;9170,00;268;7,1;D;nao;sim;nao
TB743;29;2;19;5710,00;271;6,1;A;sim;nao;nao
TB744;52;1;41;23200,00;3192;8,5;D;sim;nao;nao
TB745;38;1;23;5750,00;391;1,4;C;nao;nao;nao
TB746;30;1;15;4400,00;285;4,4;A;sim;nao;nao
TB747;48;1;30;8910,00;522;4,8;C;nao;sim;nao
TB748;41;3;20;8430,00;1330;2,0;D;sim;sim;nao
TB749;32;2;20;8190,00;742;6,3;C;sim;nao;nao
TB750;30;1;21;6000,00;822;5,6;C;nao;nao;nao
TB751;31;2;13;5400,00;289;4,6;A;sim;nao;nao
TB752;27;1;14;4840,00;467;4,8;A;sim;nao;nao
TB753;35;1;22;6090,00;950;4,5;C;sim;nao;nao
TB754;42;1;20;5290,00;201;5,8;D;sim;nao;nao
TB755;39;1;27;5770,00;793;4,0;D;sim;sim;nao
TB756;44;3;16;11610,00;680;3,3;C;nao;nao;nao
TB757;42;1;18;6440,00;186;7,9;D;sim;nao;nao
TB758;25;1;16;5270,00;417;3,7;B;sim;nao;nao
TB759;45;1;28;8880,00;927;8,8;D;sim;sim;nao
TB760;42;1;15;5010,00;176;7,8;C;nao;sim;nao
TB761;37;1;24;5430,00;532;5,3;C;sim;sim;nao
TB762;40;1;29;7580,00;624;4,3;D;sim;sim;nao
TB763;35;1;13;5300,00;267;5,1;A;sim;nao;nao
TB764;28;1;18;5800,00;375;3,5;C;sim;sim;nao
TB765;27;1;18;5150,00;162;7,6;A;sim;nao;nao
TB766;35;1;14;5940,00;298;1,8;C;nao;nao;nao
TB767;25;1;12;4750,00;319;8,6;A;nao;sim;nao
TB768;42;2;16;6340,00;135;7,5;C;sim;nao;nao
TB769;42;1;17;5210,00;910;5,6;D;nao;nao;nao
TB770;55;1;15;7780,00;459;4,8;C;sim;sim;nao
TB771;25;1;17;4840,00;226;6,1;D;sim;nao;nao
TB772;54;1;42;8560,00;540;5,5;A;nao;sim;nao
TB773;31;2;14;5530,00;194;4,0;D;sim;sim;nao
TB774;39;1;23;6350,00;556;8,3;A;nao;sim;nao
TB775;52;1;25;7790,00;795;4,3;C;sim;sim;nao
TB776;43;1;14;6160,00;1333;4,6;C;sim;nao;nao
TB777;26;1;14;4840,00;72;5,4;D;sim;sim;nao
TB778;34;1;14;5220,00;934;3,7;A;sim;sim;nao
TB779;38;2;18;6340,00;538;2,5;A;sim;nao;nao
TB780;30;1;16;4260,00;874;3,6;A;sim;sim;nao
TB781;34;1;18;5660,00;138;6,8;A;nao;nao;nao
TB782;40;2;27;6840,00;247;4,8;C;sim;sim;nao
TB783;32;1;24;5750,00;1032;5,8;C;nao;nao;nao
TB784;34;2;16;4850,00;456;3,8;B;sim;nao;nao
TB785;51;2;33;12230,00;2158;4,2;C;sim;sim;nao
TB786;55;2;27;7880,00;2085;7,1;A;sim;nao;nao
TB787;27;1;19;5700,00;899;3,1;D;nao;nao;nao
TB788;32;3;20;6470,00;874;1,3;C;sim;sim;nao
TB789;48;2;15;5550,00;632;4,9;A;sim;nao;nao
TB790;39;1;12;4910,00;80;4,5;D;sim;nao;nao
TB791;50;2;29;11570,00;1042;2,3;C;nao;sim;nao
TB792;37;1;15;5070,00;406;4,7;D;sim;nao;nao
TB793;52;3;28;9430,00;271;5,6;C;nao;sim;nao
TB794;42;3;26;10170,00;394;2,4;C;nao;nao;nao
TB795;41;1;22;6960,00;1256;6,3;D;nao;nao;nao
TB796;46;2;13;8420,00;496;4,1;C;nao;sim;nao
TB797;38;1;22;6260,00;853;4,7;C;sim;nao;nao
TB798;28;4;13;6980,00;620;3,1;C;sim;sim;nao
TB799;26;1;13;4910,00;747;6,4;C;sim;sim;nao
TB800;36;1;28;5780,00;220;2,4;B;sim;nao;nao
TB801;42;2;28;10730,00;1615;4,1;A;nao;nao;nao
TB802;44;1;32;9820,00;748;5,2;C;nao;sim;nao
TB803;44;2;25;10190,00;204;4,9;C;nao;nao;nao
TB804;50;1;15;5450,00;391;2,7;A;sim;nao;nao
TB805;49;1;38;11270,00;990;5,8;A;sim;nao;nao
TB806;40;1;17;6310,00;318;1,5;A;nao;nao;nao
TB807;30;3;16;5800,00;484;7,8;D;sim;nao;nao
TB808;31;2;19;6400,00;243;1,8;C;nao;nao;nao
TB809;41;1;15;5190,00;148;6,9;D;nao;sim;nao
TB810;36;1;27;6500,00;419;0,8;A;nao;sim;nao
TB811;48;3;32;15740,00;1416;8,9;A;sim;sim;nao
TB812;30;1;15;4740,00;526;8,6;D;sim;nao;nao
TB813;39;2;25;6070,00;417;4,0;D;sim;nao;nao
TB814;31;1;19;5160,00;600;3,2;A;nao;nao;nao
TB815;47;1;29;14120,00;1831;4,0;A;sim;sim;nao
TB816;40;2;12;4560,00;532;5,2;C;sim;nao;nao
TB817;27;1;20;4850,00;121;4,1;D;sim;nao;nao
TB818;32;1;23;8750,00;267;5,5;A;sim;nao;nao
TB819;34;1;21;7270,00;266;3,9;D;sim;nao;nao
TB820;30;1;22;5940,00;462;5,7;A;sim;nao;nao
TB821;36;1;13;5380,00;1188;5,7;A;sim;nao;nao
TB822;54;1;26;7040,00;237;3,4;C;sim;sim;nao
TB823;31;1;16;4920,00;549;4,1;D;nao;sim;nao
TB824;29;1;13;4970,00;164;3,6;D;sim;sim;nao
TB825;36;2;17;8030,00;521;2,6;C;sim;nao;nao
TB826;53;4;36;25590,00;4017;4,3;C;nao;nao;nao
TB827;48;2;25;6840,00;157;3,1;A;sim;sim;nao
TB828;38;1;20;6540,00;616;4,0;C;sim;nao;nao
TB829;43;1;34;8760,00;498;2,9;A;sim;nao;nao
TB830;40;2;25;13120,00;2337;9,7;A;sim;nao;nao
TB831;41;1;33;9420,00;442;6,4;A;sim;sim;nao
TB832;24;1;16;6450,00;534;9,4;C;nao;nao;nao
TB833;30;1;12;4780,00;188;5,4;C;sim;nao;nao
TB834;27;1;19;4670,00;113;5,6;D;sim;sim;nao
TB835;32;2;22;6890,00;429;3,0;A;sim;nao;nao
TB836;42;4;16;6660,00;91;5,5;C;sim;nao;nao
TB837;55;1;46;19090,00;2057;0,7;A;sim;nao;nao
TB838;41;2;27;9470,00;802;6,0;B;sim;nao;nao
TB839;40;1;25;7920,00;934;6,5;B;sim;nao;nao
TB840;43;2;20;8610,00;643;8,7;D;sim;nao;nao
TB841;49;2;23;6560,00;627;5,3;A;nao;nao;nao
TB842;35;1;28;11370,00;696;5,8;C;sim;nao;nao
TB843;32;4;17;8320,00;259;6,6;C;sim;sim;nao
TB844;34;1;27;7250,00;501;0,9;C;nao;nao;nao
TB845;41;3;14;5250,00;168;5,5;C;sim;nao;nao
TB846;39;1;27;6470,00;519;6,9;D;nao;nao;nao
TB847;41;2;18;15130,00;1500;5,8;A;nao;sim;nao
TB848;32;3;12;6290,00;1007;4,0;C;sim;nao;nao
TB849;45;1;25;12180,00;649;7,4;A;sim;sim;nao
TB850;46;3;19;6000,00;1051;5,5;A;sim;nao;nao
TB851;39;1;30;6030,00;469;3,6;D;sim;nao;nao
TB852;36;1;29;8000,00;1113;2,6;A;sim;sim;nao
TB853;41;1;33;8540,00;186;5,4;B;sim;nao;nao
TB854;31;2;18;5880,00;267;4,7;C;sim;sim;nao
TB855;39;2;20;7150,00;627;6,6;A;sim;sim;nao
TB856;44;2;12;5210,00;197;2,9;A;nao;nao;nao
TB857;36;1;26;5660,00;1361;4,8;C;nao;sim;nao
TB858;30;3;17;4580,00;95;6,3;C;sim;sim;nao
TB859;39;1;15;5740,00;363;5,2;D;nao;nao;nao
TB860;29;2;15;5390,00;328;4,7;D;sim;sim;nao
TB861;34;4;16;7500,00;693;2,9;C;sim;nao;nao
TB862;43;2;18;6210,00;469;2,4;D;sim;nao;nao
TB863;32;1;16;4780,00;394;4,3;D;sim;nao;nao
TB864;42;2;13;6580,00;301;3,3;B;sim;sim;nao
TB865;46;1;29;10320,00;1314;3,7;A;sim;sim;nao
TB866;35;2;17;6450,00;229;5,6;C;nao;nao;nao
TB867;40;1;17;6610,00;364;5,1;A;sim;sim;nao
TB868;41;3;19;5760,00;285;4,5;C;sim;nao;nao
TB869;37;1;15;5700,00;216;4,0;C;sim;nao;nao
TB870;25;1;14;4820,00;283;5,2;C;sim;sim;nao
TB871;31;1;21;6020,00;422;5,6;A;sim;sim;nao
TB872;36;1;14;4890,00;38;7,9;C;sim;nao;nao
TB873;31;2;12;5090,00;1571;5,5;A;nao;sim;nao
TB874;39;2;28;8870,00;912;7,7;A;nao;nao;nao
TB875;43;1;16;5310,00;429;2,5;A;nao;nao;nao
TB876;36;2;19;6660,00;251;6,5;C;nao;nao;nao
TB877;30;1;12;4600,00;181;1,3;B;sim;nao;nao
TB878;40;3;17;6460,00;562;9,1;D;nao;nao;nao
TB879;41;1;23;5390,00;504;4,2;A;sim;sim;nao
TB880;36;1;13;4890,00;346;4,6;A;sim;sim;nao
TB881;40;1;13;5140,00;224;5,3;C;nao;sim;nao
TB882;44;1;33;9200,00;587;6,6;A;nao;sim;nao
TB883;29;2;14;4550,00;176;5,2;C;nao;nao;nao
TB884;37;2;21;7370,00;280;4,2;C;sim;sim;nao
TB885;28;1;13;5050,00;326;4,9;C;sim;nao;nao
TB886;44;1;25;7160,00;300;4,0;A;sim;sim;nao
TB887;41;3;28;15920,00;1754;2,3;A;sim;nao;nao
TB888;42;2;21;6830,00;454;3,7;C;sim;sim;nao
TB889;38;1;18;5870,00;484;5,6;D;nao;nao;nao
TB890;40;2;22;7950,00;578;1,7;C;sim;nao;nao
TB891;54;1;35;11160,00;1330;2,0;D;sim;sim;nao
TB892;36;2;13;6500,00;735;8,3;C;sim;sim;nao
TB893;42;1;14;5690,00;464;4,6;C;sim;sim;nao
TB894;31;1;13;5480,00;1614;5,0;B;nao;sim;nao
TB895;31;1;16;5020,00;349;7,6;C;nao;nao;nao
TB896;35;2;12;4470,00;863;5,1;D;sim;sim;nao
TB897;30;2;21;6080,00;277;7,2;C;sim;nao;nao
TB898;35;1;14;5230,00;228;2,6;D;sim;sim;nao
TB899;47;2;32;11070,00;2215;6,3;C;sim;sim;nao
TB900;31;1;15;4810,00;291;6,3;D;sim;nao;nao
TB901;29;1;19;5830,00;176;4,4;C;nao;nao;nao
TB902;43;1;22;7070,00;1303;7,2;D;nao;nao;nao
TB903;50;1;15;5150,00;145;5,7;A;sim;nao;nao
TB904;37;3;16;7730,00;292;2,1;C;nao;nao;nao
TB905;44;2;24;8650,00;352;4,5;C;nao;nao;nao
TB906;48;3;22;9960,00;743;5,3;C;sim;nao;nao
TB907;42;2;25;7290,00;953;3,9;A;sim;nao;nao
TB908;48;2;16;8930,00;784;4,8;C;nao;sim;nao
TB909;52;2;36;9750,00;325;3,9;C;sim;sim;nao
TB910;38;1;25;5990,00;412;7,2;A;nao;sim;nao
TB911;28;1;16;5600,00;558;5,3;C;sim;nao;nao
TB912;46;1;17;6380,00;241;5,8;A;nao;nao;nao
TB913;28;1;15;5970,00;721;4,7;A;sim;sim;nao
TB914;27;3;12;4790,00;571;2,7;A;sim;nao;nao
TB915;28;1;17;4390,00;287;8,2;A;sim;nao;nao
TB916;29;1;20;5600,00;345;6,7;A;sim;nao;nao
TB917;35;2;23;6670,00;560;2,4;A;sim;sim;nao
TB918;29;1;19;5250,00;338;3,0;A;nao;nao;nao
TB919;40;2;19;15510,00;738;4,7;D;nao;sim;nao
TB920;42;3;14;5160,00;421;7,0;D;sim;nao;nao
TB921;47;1;27;7430,00;409;4,1;A;sim;nao;nao
TB922;30;3;13;4740,00;82;7,6;D;sim;nao;nao
TB923;48;4;25;8860,00;559;3,0;A;sim;sim;nao
TB924;34;1;24;7420,00;691;5,1;C;sim;nao;nao
TB925;39;2;17;7400,00;690;7,5;C;nao;nao;nao
TB926;31;2;13;4600,00;355;5,3;A;sim;nao;nao
TB927;52;1;18;6200,00;405;3,1;A;nao;nao;nao
TB928;36;1;29;5740,00;197;6,1;C;sim;sim;nao
TB929;47;2;35;15150,00;2696;3,4;D;nao;nao;nao
TB930;31;2;15;5220,00;493;7,3;A;nao;nao;nao
TB931;47;1;17;5410,00;83;4,2;D;sim;nao;nao
TB932;52;2;30;10700,00;2034;3,6;C;sim;sim;nao
TB933;42;1;15;5320,00;282;8,1;C;sim;sim;nao
TB934;27;1;20;5290,00;550;3,5;C;sim;nao;nao
TB935;32;1;22;6030,00;265;4,2;A;sim;sim;nao
TB936;38;3;18;6030,00;325;6,4;C;sim;sim;nao
TB937;25;1;15;4600,00;245;4,5;D;sim;sim;nao
TB938;32;3;17;11840,00;576;6,4;C;sim;nao;nao
TB939;37;2;13;4920,00;110;2,4;A;nao;nao;nao
TB940;43;1;28;9980,00;1046;5,2;C;nao;sim;nao
TB941;32;1;18;6480,00;233;4,3;A;nao;sim;nao
TB942;30;1;12;4520,00;701;3,3;C;nao;nao;nao
TB943;49;1;18;5400,00;157;2,7;A;nao;nao;nao
TB944;39;1;13;5480,00;168;6,6;D;sim;nao;nao
TB945;51;1;17;4880,00;249;2,7;D;nao;sim;nao
TB946;47;1;32;10170,00;254;3,7;C;sim;nao;nao
TB947;42;1;17;5850,00;600;3,9;C;sim;sim;nao
TB948;46;2;35;12050,00;719;3,3;C;sim;nao;nao
TB949;45;3;29;11200,00;132;4,9;B;nao;sim;nao
TB950;34;2;18;5590,00;675;5,8;D;nao;sim;nao
TB951;41;1;12;6270,00;260;2,9;A;nao;nao;nao
TB952;36;2;23;5700,00;312;8,4;C;sim;sim;nao
TB953;36;2;20;9490,00;1059;1,6;A;nao;nao;nao
TB954;46;2;18;9870,00;627;3,0;C;sim;nao;nao
TB955;32;3;19;6380,00;428;3,9;A;sim;nao;nao
TB956;42;1;26;6220,00;277;4,9;A;nao;sim;nao
TB957;36;2;18;5650,00;239;7,2;A;sim;sim;nao
TB958;50;2;29;9020,00;1587;3,0;A;nao;sim;nao
TB959;51;1;41;17140,00;1780;6,9;A;sim;nao;nao
TB960;44;1;37;11800,00;483;5,5;C;sim;nao;nao
TB961;34;1;22;6860,00;109;5,2;B;nao;nao;nao
TB962;45;1;25;8220,00;816;9,9;A;sim;nao;nao
TB963;51;1;37;16090,00;434;3,5;A;sim;nao;nao
TB964;48;2;35;31410,00;1325;3,4;A;nao;nao;nao
TB965;27;1;15;5730,00;263;4,7;A;sim;sim;nao
TB966;43;1;20;5570,00;706;6,7;B;sim;nao;nao
TB967;25;2;12;6120,00;128;4,6;D;sim;sim;nao
TB968;49;3;22;6170,00;380;3,3;C;sim;sim;nao
TB969;32;2;21;8650,00;2074;5,4;C;sim;sim;nao
TB970;45;1;34;10380,00;313;5,4;C;sim;nao;nao
TB971;51;3;17;8590,00;691;5,5;C;sim;sim;nao
TB972;38;1;18;7360,00;327;3,3;D;sim;nao;nao
TB973;53;2;19;9630,00;348;4,8;B;sim;sim;nao
TB974;31;1;18;6220,00;434;2,7;A;sim;nao;nao
TB975;38;2;27;7850,00;465;4,0;A;sim;nao;nao
TB976;33;1;13;5040,00;239;7,4;B;nao;sim;nao
TB977;42;1;17;6350,00;462;2,6;C;nao;nao;nao
TB978;47;1;29;6600,00;9;7,2;A;sim;sim;nao
TB979;27;1;17;4800,00;300;3,6;B;nao;nao;nao
TB980;45;3;29;8400,00;330;4,9;C;sim;nao;nao
TB981;40;1;27;10760,00;295;7,0;A;sim;nao;nao
TB982;37;1;16;5170,00;1124;2,4;C;nao;nao;nao
TB983;59;4;17;12640,00;204;7,2;C;sim;nao;nao
TB984;30;2;15;5320,00;940;4,8;D;sim;nao;nao
TB985;32;1;12;4800,00;394;5,2;C;sim;sim;nao
TB986;33;2;22;5430,00;269;5,3;C;sim;sim;nao
TB987;46;1;15;4870,00;209;2,8;C;sim;sim;nao
TB988;50;1;28;7350,00;503;2,6;B;nao;sim;nao
TB989;48;1;21;7610,00;872;5,8;A;nao;sim;nao
TB990;31;1;23;5770,00;474;7,5;C;sim;nao;nao
TB991;41;2;26;6440,00;298;3,5;D;nao;sim;nao
TB992;47;1;37;14380,00;1978;8,3;C;sim;nao;nao
TB993;37;1;22;6240,00;601;3,5;C;sim;sim;nao
TB994;39;1;26;5480,00;558;8,0;D;nao;sim;nao
TB995;37;2;12;5830,00;487;3,6;C;nao;nao;nao
TB996;26;1;16;4880,00;453;4,4;A;sim;sim;nao
TB997;43;1;34;10080,00;1370;5,9;B;nao;nao;nao
TB998;40;1;23;6290,00;408;6,1;C;sim;nao;nao
TB999;46;1;13;5660,00;945;3,0;D;sim;nao;nao
TB1000;28;4;12;8010,00;157;5,5;C;nao;nao;nao
TB1001;32;3;15;6440,00;660;5,1;C;sim;nao;nao
TB1002;45;3;20;11890,00;1096;7,4;A;sim;nao;nao
TB1003;31;3;14;6220,00;742;3,7;A;nao;nao;nao
TB1004;28;1;15;4780,00;236;3,7;A;sim;nao;nao
TB1005;36;2;19;7550,00;95;4,1;A;sim;nao;nao
TB1006;42;1;22;5940,00;257;8,3;A;nao;sim;nao
TB1007;43;2;26;20580,00;897;4,5;D;nao;nao;nao
TB1008;35;1;22;5930,00;59;3,2;D;sim;nao;nao
TB1009;31;2;17;7570,00;890;6,4;A;sim;nao;nao
TB1010;45;1;22;6330,00;51;2,9;D;sim;nao;nao
TB1011;33;1;21;5060,00;306;3,6;A;sim;nao;nao
TB1012;33;2;19;5440,00;860;5,4;C;sim;nao;nao
TB1013;56;1;48;25860,00;3555;4,0;D;sim;nao;nao
TB1014;40;2;18;6350,00;247;4,2;A;nao;sim;nao
TB1015;42;1;30;9630,00;654;4,9;A;sim;nao;nao
TB1016;33;1;18;5450,00;1070;5,7;A;nao;sim;nao
TB1017;48;1;35;17210,00;2340;3,9;A;sim;nao;nao
TB1018;47;3;31;20280,00;109;6,7;A;sim;nao;nao
TB1019;36;1;17;5160,00;567;4,6;A;sim;sim;nao
TB1020;36;1;29;6650,00;1073;4,2;B;sim;sim;nao
TB1021;53;1;13;5140,00;175;6,3;A;nao;sim;nao
TB1022;48;2;13;5090,00;387;4,1;B;sim;nao;nao
TB1023;48;3;36;8960,00;1204;4,8;C;nao;sim;nao
TB1024;37;1;30;7300,00;67;4,5;C;nao;sim;nao
TB1025;48;2;17;7670,00;325;5,8;C;sim;nao;nao
TB1026;36;2;16;5490,00;675;3,1;A;sim;nao;nao
TB1027;36;1;25;6260,00;263;4,5;D;nao;nao;nao
TB1028;43;2;16;5400,00;428;6,9;D;sim;nao;nao
TB1029;34;1;26;6580,00;155;7,1;A;sim;sim;nao
TB1030;35;1;16;6030,00;685;2,4;C;nao;sim;nao
TB1031;53;3;31;12760,00;609;9,9;D;nao;nao;nao
TB1032;41;2;32;10060,00;964;3,4;C;sim;nao;nao
TB1033;39;2;12;4720,00;466;3,5;B;sim;nao;nao
TB1034;36;2;22;9170,00;305;7,7;A;nao;nao;nao
TB1035;35;3;17;9710,00;633;6,8;B;sim;sim;nao
TB1036;41;2;25;7740,00;653;0,3;A;sim;sim;nao
TB1037;37;1;28;7060,00;734;3,4;C;sim;nao;nao
TB1038;52;2;30;12050,00;1107;6,4;D;nao;nao;nao
TB1039;32;2;15;6280,00;590;6,4;A;nao;nao;nao
TB1040;47;1;28;9500,00;288;6,9;C;sim;sim;nao
TB1041;45;3;32;17790,00;1360;6,1;D;sim;nao;nao
TB1042;52;1;12;5730,00;1055;5,6;B;sim;nao;nao
TB1043;44;1;21;6790,00;236;2,4;A;nao;sim;nao
TB1044;34;1;24;6280,00;317;3,4;A;sim;nao;nao
TB1045;46;1;28;8240,00;1062;5,8;A;nao;nao;nao
TB1046;41;4;18;9530,00;1423;2,6;A;sim;nao;nao
TB1047;37;1;29;8250,00;1452;6,5;A;sim;nao;nao
TB1048;46;2;28;9320,00;280;7,4;D;sim;sim;nao
TB1049;41;2;14;6440,00;775;2,0;C;nao;nao;nao
TB1050;32;1;23;6270,00;844;3,9;C;sim;nao;nao
TB1051;49;1;35;12620,00;1721;2,6;D;sim;nao;nao
TB1052;24;1;15;4440,00;426;5,9;C;sim;nao;nao
TB1053;45;1;32;8020,00;403;5,6;B;sim;sim;nao
TB1054;25;1;14;5110,00;150;4,8;C;sim;nao;nao
TB1055;40;2;26;7970,00;2372;3,3;C;sim;nao;nao
TB1056;38;1;25;6990,00;318;3,3;C;nao;nao;nao
TB1057;29;1;21;8920,00;672;6,8;B;sim;nao;nao
TB1058;37;2;13;5350,00;975;4,7;D;sim;sim;nao
TB1059;41;1;17;5570,00;588;8,6;D;sim;nao;nao
TB1060;29;1;16;5080,00;712;4,1;C;nao;sim;nao
TB1061;34;2;17;4710,00;1285;5,1;A;sim;sim;nao
TB1062;41;1;12;6340,00;948;2,0;A;sim;sim;nao
TB1063;42;1;31;7700,00;448;3,8;D;nao;nao;nao
TB1064;44;1;15;6090,00;361;5,6;A;sim;sim;nao
TB1065;46;1;29;7580,00;736;5,9;D;sim;sim;nao
TB1066;29;1;21;4820,00;1268;5,5;B;sim;sim;nao
TB1067;35;4;20;7020,00;718;6,2;B;nao;nao;nao
TB1068;52;2;27;8630,00;349;6,3;A;sim;sim;nao
TB1069;33;2;21;6800,00;1268;6,7;A;sim;nao;nao
TB1070;36;2;26;7010,00;534;4,5;C;nao;sim;nao
TB1071;44;2;26;6550,00;68;7,2;C;sim;nao;nao
TB1072;40;1;21;8030,00;112;4,6;A;nao;sim;nao
TB1073;58;2;42;18260,00;823;3,6;A;sim;sim;nao
TB1074;36;2;21;9730,00;970;9,0;C;sim;nao;nao
TB1075;33;1;19;6770,00;473;1,4;D;nao;nao;nao
TB1076;46;1;15;5380,00;328;7,4;B;sim;nao;nao
TB1077;36;2;24;7610,00;289;6,3;A;sim;sim;nao
TB1078;39;1;25;10640,00;156;8,2;C;sim;nao;nao
TB1079;49;1;42;16580,00;162;4,6;A;nao;nao;nao
TB1080;24;3;12;4650,00;840;6,5;D;sim;nao;nao
TB1081;45;1;24;7590,00;2279;4,4;A;sim;sim;nao
TB1082;32;1;21;5390,00;584;4,4;D;nao;nao;nao
TB1083;29;1;14;4640,00;308;4,0;C;sim;sim;nao
TB1084;36;1;23;5300,00;810;8,7;A;sim;nao;nao
TB1085;41;2;31;6430,00;1203;6,0;C;sim;nao;nao
TB1086;31;1;16;4970,00;448;4,4;A;sim;sim;nao
TB1087;46;2;32;21920,00;3011;6,3;D;sim;sim;nao
TB1088;30;2;20;5320,00;634;3,3;A;nao;sim;nao
TB1089;37;2;26;6330,00;405;5,1;C;sim;nao;nao
TB1090;29;1;20;5460,00;677;7,7;D;sim;nao;nao
TB1091;44;4;23;9330,00;616;7,9;C;nao;sim;nao
TB1092;46;2;19;7290,00;487;6,1;D;sim;nao;nao
TB1093;38;5;20;7100,00;822;8,0;D;nao;nao;nao
TB1094;37;2;18;5260,00;291;7,1;A;nao;nao;nao
TB1095;26;1;13;5350,00;177;3,5;B;sim;nao;nao
TB1096;48;1;38;10490,00;843;7,0;A;nao;nao;nao
TB1097;48;1;32;12170,00;660;5,8;C;sim;nao;nao
TB1098;56;1;36;11940,00;1726;6,6;C;nao;nao;nao
TB1099;45;1;26;6860,00;509;1,8;C;sim;nao;nao
TB1100;53;3;32;11290,00;1001;6,1;A;nao;sim;nao
TB1101;32;2;18;6050,00;609;6,4;B;sim;nao;nao
TB1102;48;3;35;23220,00;2798;4,8;D;sim;nao;nao
TB1103;52;1;43;16290,00;2614;4,7;B;sim;sim;nao
TB1104;51;2;34;13390,00;526;3,2;D;sim;nao;nao
TB1105;32;2;17;5700,00;319;6,5;B;nao;sim;nao
TB1106;35;1;18;5510,00;448;7,2;A;nao;nao;nao
TB1107;39;2;17;8450,00;682;3,2;A;sim;nao;nao
TB1108;31;1;22;5280,00;637;3,6;D;nao;nao;nao
TB1109;27;1;12;4960,00;170;5,2;C;sim;sim;nao
TB1110;29;4;15;7870,00;361;7,8;A;sim;nao;nao
TB1111;28;1;12;4930,00;137;5,3;A;nao;nao;nao
TB1112;45;2;14;5820,00;395;3,7;C;sim;nao;nao
TB1113;50;3;25;9640,00;492;7,0;C;sim;nao;nao
TB1114;53;1;25;8420,00;1156;3,5;A;sim;sim;nao
TB1115;29;1;21;8470,00;612;5,5;A;sim;sim;nao
TB1116;44;3;20;5990,00;451;4,8;C;sim;sim;nao
TB1117;34;1;21;5660,00;350;7,1;C;sim;sim;nao
TB1118;46;1;30;9070,00;462;3,6;A;nao;nao;nao
TB1119;40;1;17;6870,00;375;4,4;A;nao;sim;nao
TB1120;54;4;36;36070,00;1843;9,0;A;sim;nao;nao
TB1121;49;2;23;11410,00;379;5,9;C;sim;nao;nao
TB1122;33;1;12;5270,00;287;0,4;C;sim;sim;nao
TB1123;38;1;17;4990,00;705;4,7;C;sim;nao;nao
TB1124;33;1;20;5110,00;363;9,4;C;sim;sim;nao
TB1125;26;1;13;4890,00;178;2,2;A;nao;sim;nao
TB1126;50;2;24;5430,00;457;2,2;A;sim;sim;nao
TB1127;43;1;30;7310,00;1402;4,8;A;sim;nao;nao
TB1128;26;2;12;4580,00;428;6,6;C;nao;sim;nao
TB1129;35;1;28;8250,00;405;5,2;D;nao;nao;nao
TB1130;31;1;23;5840,00;1376;5,8;A;sim;nao;nao
TB1131;35;4;14;10860,00;761;4,4;D;sim;nao;nao
TB1132;47;1;19;7930,00;815;4,2;C;sim;nao;nao
TB1133;36;1;14;5050,00;250;4,1;C;sim;nao;nao
TB1134;41;1;32;7630,00;243;5,0;D;sim;nao;nao
TB1135;52;1;30;9800,00;2514;5,4;A;sim;nao;nao
TB1136;37;1;29;9510,00;381;4,2;A;sim;sim;nao
TB1137;29;1;21;5540,00;275;4,1;A;nao;sim;nao
TB1138;38;2;26;7670,00;734;4,3;A;sim;sim;nao
TB1139;31;3;12;7240,00;827;10,4;C;nao;nao;nao
TB1140;41;2;17;5860,00;379;2,5;A;sim;nao;nao
TB1141;28;1;14;5910,00;567;6,3;A;sim;nao;nao
TB1142;42;1;32;11050,00;1361;5,5;C;sim;nao;nao
TB1143;46;1;29;9610,00;777;5,1;D;sim;sim;nao
TB1144;39;1;28;7240,00;225;7,2;B;sim;sim;nao
TB1145;45;1;16;6620,00;830;8,3;C;sim;nao;nao
TB1146;25;1;13;4410,00;323;4,0;A;nao;sim;nao
TB1147;52;1;40;10830,00;475;2,3;C;sim;nao;nao
TB1148;23;1;12;5120,00;483;7,7;C;nao;nao;nao
TB1149;42;1;27;8300,00;1999;5,6;A;nao;nao;nao
TB1150;44;1;23;7320,00;276;5,0;A;sim;sim;nao
TB1151;35;1;21;7280,00;813;2,4;A;sim;nao;nao
TB1152;32;1;20;5050,00;968;5,1;C;sim;nao;nao
TB1153;51;1;23;6680,00;616;7,2;A;sim;nao;nao
TB1154;23;1;14;4520,00;210;1,4;D;sim;sim;nao
TB1155;42;2;26;15070,00;1127;7,1;A;nao;nao;nao
TB1156;52;1;39;10640,00;425;3,5;A;sim;nao;nao
TB1157;50;1;41;21470,00;32;3,0;D;sim;sim;nao
TB1158;36;2;17;7050,00;121;7,6;D;sim;sim;nao
TB1159;25;1;16;5510,00;765;3,0;A;nao;sim;nao
TB1160;53;2;23;6690,00;308;6,8;A;nao;sim;nao
TB1161;35;1;22;7290,00;860;1,0;A;nao;nao;nao
TB1162;35;1;22;5240,00;358;8,2;C;nao;nao;nao
TB1163;26;2;14;5270,00;155;5,9;A;nao;sim;nao
TB1164;33;2;21;5480,00;515;5,7;D;sim;sim;nao
TB1165;38;1;17;5460,00;380;3,2;A;sim;nao;nao
TB1166;39;1;19;7990,00;962;2,5;B;sim;sim;nao
TB1167;33;1;26;5970,00;625;3,1;B;sim;sim;nao
TB1168;52;2;26;12040,00;2427;1,3;C;nao;sim;nao
TB1169;34;1;15;4680,00;363;4,7;B;nao;nao;nao
TB1170;39;1;32;11720,00;2567;8,1;C;sim;sim;nao
TB1171;39;1;24;7240,00;2186;4,7;C;sim;nao;nao
TB1172;35;1;19;5180,00;714;4,2;A;sim;sim;nao
TB1173;48;1;23;7650,00;766;3,5;A;sim;sim;nao
TB1174;53;1;39;13780,00;504;2,1;C;sim;nao;nao
TB1175;42;2;18;5660,00;672;3,1;A;nao;sim;nao
TB1176;26;2;13;5100,00;792;2,5;A;nao;sim;nao
TB1177;36;4;21;9190,00;482;5,3;D;sim;nao;nao
TB1178;39;3;12;6300,00;509;8,4;D;sim;sim;nao
TB1179;40;3;20;16240,00;1002;5,4;A;sim;nao;nao
TB1180;32;2;21;5590,00;262;6,8;C;sim;sim;nao
TB1181;44;4;26;7420,00;126;1,5;D;sim;nao;nao
TB1182;55;1;38;26410,00;2023;2,8;C;nao;nao;nao
TB1183;51;1;23;7530,00;286;5,5;D;sim;nao;nao
TB1184;39;2;14;7490,00;373;2,9;C;sim;sim;nao
TB1185;48;2;29;14120,00;1863;6,0;D;nao;nao;nao
TB1186;41;1;33;9380,00;501;5,2;D;sim;sim;nao
TB1187;40;3;22;9680,00;722;5,1;A;sim;nao;nao
TB1188;31;1;16;5060,00;154;6,0;D;sim;sim;nao
TB1189;32;3;19;6540,00;487;4,6;B;sim;sim;nao
TB1190;48;2;23;10610,00;206;6,8;C;sim;sim;nao
TB1191;51;1;29;9070,00;718;1,6;A;sim;sim;nao
TB1192;44;1;23;5990,00;446;7,6;A;sim;nao;nao
TB1193;38;2;20;6830,00;631;5,9;A;sim;nao;nao
TB1194;47;3;18;6130,00;435;10,7;D;nao;sim;nao
TB1195;29;2;13;5930,00;636;4,6;D;sim;nao;nao
TB1196;44;2;24;8160,00;1020;8,4;B;nao;nao;nao
TB1197;37;1;18;5800,00;1153;7,6;A;nao;nao;nao
TB1198;30;1;16;5360,00;939;7,9;A;sim;nao;nao
TB1199;32;2;13;5480,00;72;4,1;B;sim;nao;nao
TB1200;36;3;15;5750,00;185;2,7;A;sim;nao;nao
TB1201;39;1;22;6020,00;1194;3,3;A;nao;nao;nao
TB1202;38;1;18;6150,00;269;5,6;C;sim;nao;nao
TB1203;28;1;14;5500,00;376;4,0;D;nao;sim;nao
TB1204;46;2;16;5320,00;342;3,8;D;sim;nao;nao
TB1205;34;1;21;7240,00;1098;2,2;C;sim;nao;nao
TB1206;58;1;46;17180,00;201;6,7;C;sim;nao;nao
TB1207;26;2;16;4710,00;141;2,7;A;nao;nao;nao
TB1208;38;3;19;9380,00;157;6,5;C;nao;nao;nao
TB1209;35;4;19;5890,00;445;4,4;D;nao;sim;nao
TB1210;25;1;13;4850,00;868;3,0;A;sim;nao;nao
TB1211;39;1;29;11310,00;2240;3,2;A;sim;nao;nao
TB1212;46;2;26;6630,00;435;4,7;C;nao;nao;nao
TB1213;46;3;16;6160,00;1005;3,5;D;sim;nao;nao
TB1214;57;1;46;19560,00;925;5,2;C;sim;sim;nao
TB1215;45;2;31;13000,00;161;0,3;A;sim;nao;nao
TB1216;50;1;16;5660,00;375;6,4;D;nao;sim;nao
TB1217;28;3;12;6610,00;904;4,4;A;nao;sim;nao
TB1218;26;2;15;5120,00;569;6,7;C;sim;nao;nao
TB1219;35;1;20;6400,00;96;5,7;A;sim;nao;nao
TB1220;29;2;13;5410,00;155;7,3;C;nao;nao;nao
TB1221;26;2;15;5090,00;181;1,6;D;sim;nao;nao
TB1222;42;1;23;7350,00;610;2,1;A;nao;nao;nao
TB1223;39;1;29;10330,00;1239;0,4;C;nao;nao;nao
TB1224;40;1;28;6090,00;588;0,1;A;sim;nao;nao
TB1225;27;2;12;5900,00;423;6,5;A;nao;sim;nao
TB1226;59;1;30;8190,00;285;4,1;A;sim;nao;nao
TB1227;26;1;13;4450,00;225;4,1;A;sim;sim;nao
TB1228;37;1;23;6080,00;489;4,8;D;sim;nao;nao
TB1229;46;1;12;4630,00;332;5,7;C;sim;nao;nao
TB1230;31;1;17;5750,00;135;8,9;D;sim;sim;nao
TB1231;43;1;20;6140,00;234;3,4;B;sim;nao;nao
TB1232;37;1;15;6530,00;216;7,5;D;nao;nao;nao
TB1233;36;1;29;8310,00;1848;5,8;A;sim;nao;nao
TB1234;29;2;15;4670,00;1068;2,9;B;sim;sim;nao
TB1235;38;1;28;6470,00;519;1,8;C;sim;nao;nao
TB1236;37;2;19;5550,00;560;4,3;A;nao;nao;nao
TB1237;37;2;24;7630,00;197;8,0;A;nao;nao;nao
TB1238;37;1;20;5860,00;263;5,6;A;sim;sim;nao
TB1239;36;1;29;8270,00;884;5,7;A;sim;sim;nao
TB1240;37;1;23;7640,00;1348;6,0;A;nao;nao;nao
TB1241;48;1;38;10640,00;1192;1,6;A;sim;sim;nao
TB1242;48;1;35;9910,00;806;5,4;B;nao;nao;nao
TB1243;33;1;15;5620,00;300;5,5;C;nao;sim;nao
TB1244;36;3;12;5730,00;1167;5,3;A;nao;sim;nao
TB1245;48;3;28;17400,00;1818;1,7;C;sim;nao;nao
TB1246;42;1;25;7310,00;1247;4,3;D;sim;nao;nao
TB1247;39;1;32;9130,00;835;7,8;A;sim;sim;nao
TB1248;37;4;15;5440,00;84;4,5;B;nao;nao;nao
TB1249;33;1;19;6230,00;608;3,1;A;sim;sim;nao
TB1250;40;1;12;4740,00;457;5,2;B;nao;nao;nao
TB1251;33;2;20;4920,00;199;8,4;C;nao;nao;nao
TB1252;28;1;18;5220,00;367;7,2;C;nao;sim;nao
TB1253;27;1;13;4760,00;309;5,1;C;nao;nao;nao
TB1254;28;2;14;5340,00;519;5,4;A;nao;sim;nao
TB1255;28;1;16;5490,00;82;5,7;A;nao;nao;nao
TB1256;34;1;12;4810,00;681;5,0;A;nao;sim;nao
TB1257;28;2;19;6080,00;232;5,5;B;sim;nao;nao
TB1258;35;1;23;6450,00;340;7,4;C;sim;nao;nao
TB1259;31;1;13;4760,00;888;6,7;C;sim;sim;nao
TB1260;32;2;21;6140,00;502;3,9;D;sim;nao;nao
TB1261;32;1;12;4590,00;223;4,6;A;sim;nao;nao
TB1262;42;1;13;5810,00;292;2,3;A;nao;nao;nao
TB1263;34;3;18;9780,00;1369;5,6;C;sim;nao;nao
TB1264;32;1;23;5710,00;399;4,1;C;sim;sim;nao
TB1265;26;2;15;5250,00;786;8,1;A;nao;sim;nao
TB1266;40;2;24;11390,00;1918;2,5;A;sim;nao;nao
TB1267;26;2;15;5770,00;987;4,3;D;sim;nao;nao
TB1268;25;1;18;4970,00;101;7,2;D;nao;nao;nao
TB1269;36;2;19;11730,00;1394;1,7;A;sim;sim;nao
TB1270;37;2;13;5630,00;278;4,2;B;sim;nao;nao
TB1271;46;2;14;5470,00;85;4,8;D;nao;nao;nao
TB1272;32;1;16;5010,00;555;6,0;C;nao;nao;nao
TB1273;29;2;19;5470,00;22;7,9;A;sim;nao;nao
TB1274;35;1;14;4950,00;56;5,5;A;nao;nao;nao
TB1275;29;1;13;5350,00;460;3,3;D;sim;sim;nao
TB1276;40;3;19;8050,00;447;8,1;A;sim;nao;nao
TB1277;37;2;23;6770,00;249;5,3;A;nao;nao;nao
TB1278;44;2;13;5680,00;1284;5,8;A;sim;nao;nao
TB1279;27;4;13;5540,00;656;2,5;A;sim;sim;nao
TB1280;36;1;26;8130,00;1610;3,3;A;sim;nao;nao
TB1281;41;1;22;6220,00;640;1,3;A;nao;nao;nao
TB1282;31;1;20;5750,00;304;5,6;A;nao;nao;nao
TB1283;54;3;30;10940,00;366;5,4;B;nao;sim;nao
TB1284;49;4;12;9250,00;1150;3,0;D;sim;sim;nao
TB1285;60;1;23;6980,00;661;5,0;C;sim;nao;nao
TB1286;51;1;24;5430,00;459;7,1;D;sim;sim;nao
TB1287;30;1;22;6330,00;1081;6,7;C;nao;sim;nao
TB1288;40;2;13;5550,00;232;4,3;A;sim;nao;nao
TB1289;30;1;12;6410,00;86;3,0;A;sim;nao;nao
TB1290;45;1;38;9040,00;1790;3,3;D;sim;sim;nao
TB1291;35;2;22;7270,00;1477;3,9;A;sim;sim;nao
TB1292;34;4;15;14520,00;959;8,0;C;nao;nao;nao
TB1293;34;2;20;8520,00;195;5,1;D;nao;sim;nao
TB1294;30;1;19;5090,00;393;7,6;B;sim;nao;nao
TB1295;38;2;28;10600,00;722;2,0;A;sim;nao;nao
TB1296;49;2;33;11550,00;1099;9,9;C;nao;sim;nao
TB1297;28;1;21;7510,00;636;3,4;B;sim;sim;nao
TB1298;35;1;22;7020,00;402;9,1;A;sim;sim;nao
TB1299;50;4;30;18970,00;2390;4,9;A;sim;sim;nao
TB1300;40;2;23;8360,00;77;5,1;C;sim;nao;nao
TB1301;53;1;33;8310,00;386;8,0;C;nao;sim;nao
TB1302;26;1;17;5040,00;563;5,8;A;sim;nao;nao
TB1303;57;1;33;11820,00;677;4,3;D;sim;nao;nao
TB1304;55;2;43;25510,00;637;4,5;C;sim;nao;nao
TB1305;38;1;27;9590,00;476;4,8;C;nao;sim;nao
TB1306;48;2;25;6200,00;721;1,4;A;sim;nao;nao
TB1307;42;1;16;6480,00;452;7,1;C;sim;nao;nao
TB1308;35;1;12;5030,00;595;6,7;B;sim;nao;nao
TB1309;52;2;33;9490,00;388;5,8;A;sim;sim;nao
TB1310;33;2;19;8540,00;339;1,8;C;nao;sim;nao
TB1311;43;2;32;10050,00;1724;6,2;D;nao;nao;nao
TB1312;49;1;13;5470,00;371;5,3;D;nao;nao;nao
TB1313;33;1;26;6470,00;254;3,3;A;nao;sim;nao
TB1314;30;3;15;5190,00;725;1,8;C;sim;sim;nao
TB1315;48;1;32;14860,00;2517;7,3;C;nao;sim;nao
TB1316;48;1;31;9810,00;731;7,3;D;sim;sim;nao
TB1317;44;2;22;6310,00;411;2,4;A;sim;nao;nao
TB1318;27;2;15;6800,00;568;0,7;A;nao;nao;nao
TB1319;30;1;16;6800,00;472;3,1;A;sim;sim;nao
TB1320;43;3;19;8300,00;404;7,1;D;sim;sim;nao
TB1321;48;2;29;19050,00;2205;2,2;A;sim;nao;nao
TB1322;41;1;33;7860,00;621;4,0;B;sim;nao;nao
TB1323;46;2;25;6660,00;715;1,7;A;nao;nao;nao
TB1324;52;1;45;26960,00;3310;8,7;C;sim;nao;nao
TB1325;26;1;19;5580,00;343;8,4;B;sim;nao;nao
TB1326;39;1;29;10290,00;227;0,2;D;nao;nao;nao
TB1327;45;1;18;7240,00;1222;8,6;D;sim;sim;nao
TB1328;52;5;17;5490,00;450;7,6;D;sim;sim;nao
TB1329;37;1;29;9350,00;571;7,0;A;sim;sim;nao
TB1330;32;1;17;4750,00;384;3,9;B;sim;nao;nao
TB1331;32;2;17;7040,00;794;2,4;A;sim;nao;nao
TB1332;25;2;13;4520,00;374;5,6;C;sim;sim;nao
TB1333;39;1;16;6060,00;101;6,2;C;sim;sim;nao
TB1334;36;2;12;5360,00;507;4,9;A;sim;sim;nao
TB1335;31;4;12;4720,00;430;5,6;D;nao;sim;nao
TB1336;51;2;35;15630,00;1720;5,6;A;sim;sim;nao
TB1337;34;1;25;7430,00;171;8,8;B;nao;nao;nao
TB1338;30;1;20;4960,00;159;4,3;D;nao;nao;nao
TB1339;34;1;24;6370,00;430;6,1;A;sim;nao;nao
TB1340;50;1;33;17930,00;2273;4,9;A;sim;nao;nao
TB1341;34;1;22;7830,00;565;1,5;A;sim;nao;nao
TB1342;47;3;25;5780,00;835;6,7;B;nao;nao;nao
TB1343;44;1;22;7680,00;361;8,4;D;sim;sim;nao
TB1344;38;1;30;6360,00;1340;6,8;D;sim;nao;nao
TB1345;50;1;41;13640,00;4023;5,5;C;sim;nao;nao
TB1346;34;1;15;4690,00;639;5,4;A;sim;sim;nao
TB1347;50;2;23;7780,00;557;0,2;D;nao;sim;nao
TB1348;40;2;13;5540,00;1084;1,9;A;nao;nao;nao
TB1349;30;1;18;5330,00;474;6,0;A;sim;nao;nao
TB1350;47;1;13;5950,00;556;3,7;B;sim;nao;nao
TB1351;45;1;21;5110,00;181;1,2;A;sim;nao;nao
TB1352;50;3;24;7240,00;620;8,0;C;nao;nao;nao
TB1353;33;1;17;5030,00;860;1,6;A;nao;sim;nao
TB1354;30;1;14;4920,00;421;0,6;A;nao;sim;nao
TB1355;39;3;20;5140,00;220;5,9;A;sim;nao;nao
TB1356;39;1;15;5330,00;899;5,5;A;sim;sim;nao
TB1357;32;1;23;5960,00;22;4,7;B;sim;nao;nao
TB1358;51;3;13;6200,00;359;3,3;A;sim;nao;nao
TB1359;27;1;18;4530,00;262;2,9;C;sim;sim;nao
TB1360;57;2;24;9740,00;1139;4,7;A;sim;nao;nao
TB1361;29;2;17;6670,00;1073;3,3;D;sim;nao;nao
TB1362;39;2;20;10490,00;1303;4,2;A;sim;sim;nao
TB1363;34;2;20;6650,00;1141;7,7;A;sim;sim;nao
TB1364;33;4;17;5160,00;378;2,1;A;sim;nao;nao
TB1365;40;3;12;7480,00;926;5,5;D;nao;nao;nao
TB1366;45;1;32;8880,00;1337;7,3;A;sim;nao;nao
TB1367;42;1;14;5650,00;468;6,0;D;sim;sim;nao
TB1368;32;1;22;5620,00;451;1,9;A;sim;nao;nao
TB1369;33;4;18;7690,00;977;6,1;A;nao;nao;nao
TB1370;43;2;23;7270,00;793;1,8;D;sim;sim;nao
TB1371;38;4;18;6540,00;993;3,4;A;nao;sim;nao
TB1372;40;1;30;7820,00;879;1,8;D;nao;sim;nao
TB1373;48;1;29;8650,00;1003;3,4;A;sim;nao;nao
TB1374;25;1;14;5670,00;285;5,2;C;nao;nao;nao
TB1375;36;1;13;5510,00;163;8,0;B;sim;sim;nao
TB1376;45;1;27;7430,00;566;4,6;B;nao;sim;nao
TB1377;33;4;18;5460,00;197;5,1;A;nao;nao;nao
TB1378;42;4;19;9890,00;609;9,7;A;nao;nao;nao
TB1379;29;1;21;5800,00;1106;5,3;A;sim;nao;nao
TB1380;29;2;14;5270,00;371;7,7;A;nao;nao;nao
TB1381;41;2;26;6700,00;514;3,9;A;nao;nao;nao
TB1382;45;1;20;5170,00;246;1,3;D;sim;sim;nao
TB1383;41;1;19;5810,00;291;5,7;C;nao;nao;nao
TB1384;45;1;14;5850,00;218;1,1;B;sim;nao;nao
TB1385;42;1;27;7570,00;470;2,1;A;sim;sim;nao
TB1386;33;1;18;5040,00;393;6,6;C;nao;sim;nao
TB1387;48;4;24;18040,00;808;4,2;D;sim;nao;nao
TB1388;44;1;36;17410,00;2030;5,6;D;nao;nao;nao
TB1389;40;1;19;6980,00;997;5,4;A;sim;sim;nao
TB1390;36;1;17;5280,00;1041;3,5;A;sim;nao;nao
TB1391;43;1;18;5650,00;396;3,7;B;sim;sim;nao
TB1392;39;2;12;7780,00;316;5,7;A;nao;nao;nao
TB1393;34;2;12;5220,00;116;4,7;A;sim;sim;nao
TB1394;47;1;37;11400,00;1794;8,9;A;sim;nao;nao
TB1395;37;1;30;6260,00;64;3,5;D;nao;nao;nao
TB1396;44;1;36;13030,00;1581;6,1;D;sim;nao;nao
TB1397;39;1;32;6830,00;346;2,3;A;sim;nao;nao
TB1398;39;2;13;7400,00;178;6,4;D;sim;nao;nao
TB1399;41;3;18;11370,00;1047;7,8;D;nao;nao;nao
TB1400;45;2;23;7170,00;132;5,6;A;sim;sim;nao
TB1401;41;1;30;8170,00;804;3,7;B;sim;nao;nao
TB1402;31;3;17;7220,00;301;5,2;D;nao;sim;nao
TB1403;31;3;15;7060,00;324;4,6;A;sim;nao;nao
TB1404;47;1;13;6020,00;146;3,9;D;sim;sim;nao
TB1405;46;1;24;5880,00;428;3,4;D;sim;nao;nao
TB1406;24;1;17;4740,00;403;4,1;D;sim;sim;nao
TB1407;41;1;21;6990,00;1065;2,8;A;sim;nao;nao
TB1408;42;1;25;6340,00;1039;8,2;C;nao;sim;nao
TB1409;39;1;25;6020,00;419;6,3;C;nao;sim;nao
TB1410;46;3;18;8070,00;719;6,2;D;nao;sim;nao
TB1411;30;1;23;6200,00;665;4,2;D;sim;nao;nao
TB1412;36;2;20;5690,00;391;1,8;D;sim;sim;nao
TB1413;44;1;22;7220,00;685;1,1;A;sim;sim;nao
TB1414;36;1;29;11870,00;1013;6,5;A;sim;nao;nao
TB1415;51;2;16;5890,00;98;5,0;C;sim;sim;nao
TB1416;45;1;35;11090,00;1110;9,3;A;sim;sim;nao
TB1417;35;1;28;6530,00;246;0,3;A;nao;nao;nao
TB1418;28;2;15;5730,00;662;5,3;C;nao;nao;nao
TB1419;34;1;15;4870,00;354;2,4;B;nao;nao;nao
TB1420;47;1;24;9020,00;927;5,8;B;sim;nao;nao
TB1421;49;2;17;7550,00;632;7,0;A;nao;sim;nao
TB1422;40;2;23;6260,00;1327;3,3;A;nao;nao;nao
TB1423;33;1;23;8910,00;367;7,6;C;nao;nao;nao
TB1424;44;1;19;6440,00;877;0,5;B;sim;nao;nao
TB1425;29;4;15;7110,00;499;4,0;A;nao;sim;nao
TB1426;32;2;14;5720,00;398;5,9;D;nao;nao;nao
TB1427;33;3;17;5440,00;189;3,0;A;sim;nao;nao
TB1428;31;1;20;5430,00;381;4,0;D;sim;sim;nao
TB1429;29;1;19;6760,00;201;8,0;A;sim;sim;nao
TB1430;39;1;24;9450,00;733;3,8;A;nao;nao;nao
TB1431;44;2;31;10260,00;1632;5,9;C;sim;nao;nao
TB1432;34;3;14;8230,00;798;3,1;D;nao;sim;nao
TB1433;46;1;29;6700,00;291;1,1;A;sim;sim;nao
TB1434;58;3;27;20010,00;1492;6,7;C;nao;sim;nao
TB1435;27;1;16;6260,00;555;1,3;C;sim;sim;nao
TB1436;35;1;24;7740,00;161;0,9;A;nao;nao;nao
TB1437;36;1;27;6870,00;677;1,7;C;nao;nao;nao
TB1438;44;3;28;19110,00;282;2,3;D;sim;sim;nao
TB1439;40;1;31;9030,00;795;6,1;A;sim;sim;nao
TB1440;38;2;24;7210,00;666;5,2;A;sim;nao;nao
TB1441;43;3;25;6770,00;573;5,4;D;sim;sim;nao
TB1442;45;1;22;7250,00;453;3,4;C;sim;nao;nao
TB1443;46;1;31;7680,00;874;5,8;A;sim;nao;nao
TB1444;40;1;26;7060,00;206;7,2;A;sim;nao;nao
TB1445;44;1;12;5100,00;530;4,2;A;sim;sim;nao
TB1446;49;1;26;6650,00;306;7,3;C;nao;sim;nao
TB1447;23;3;12;4650,00;132;7,5;B;nao;nao;nao
TB1448;32;1;18;5590,00;393;7,7;B;sim;sim;nao
TB1449;40;1;23;7810,00;411;4,6;A;sim;nao;nao
TB1450;44;1;34;10020,00;1249;6,7;A;nao;sim;nao
TB1451;41;2;27;9840,00;1195;3,7;D;sim;sim;nao
TB1452;38;1;20;5480,00;927;4,3;B;sim;sim;nao
TB1453;40;1;19;5870,00;78;0,3;D;sim;nao;nao
TB1454;47;1;38;12360,00;344;4,4;A;sim;nao;nao
TB1455;34;4;17;5780,00;558;5,0;A;nao;nao;nao
TB1456;41;1;20;5640,00;597;4,7;A;nao;sim;nao
TB1457;38;2;24;7160,00;920;4,0;D;nao;sim;nao
TB1458;38;5;18;7310,00;204;2,1;C;sim;sim;nao
TB1459;26;1;17;4790,00;156;6,6;B;sim;nao;nao
TB1460;53;2;12;9240,00;1859;1,5;A;sim;sim;nao
TB1461;27;1;20;6020,00;572;5,7;C;sim;sim;nao
TB1462;37;1;30;7300,00;1128;4,4;C;nao;nao;nao
TB1463;28;3;12;4900,00;771;6,9;B;sim;sim;nao
TB1464;37;1;16;7080,00;1064;4,2;C;sim;sim;nao
TB1465;42;1;27;6790,00;320;6,7;C;nao;sim;nao
TB1466;31;2;19;6850,00;375;4,3;A;nao;sim;nao
TB1467;39;1;14;6120,00;143;7,2;D;nao;sim;nao
TB1468;46;3;15;6910,00;87;8,0;C;sim;nao;nao
TB1469;31;1;19;7270,00;835;4,1;C;sim;nao;nao
TB1470;29;2;16;5000,00;30;5,5;A;nao;nao;nao
TB1471;41;2;23;8590,00;749;5,2;D;sim;nao;nao
TB1472;41;4;20;10710,00;347;1,6;A;sim;nao;nao
TB1473;32;1;16;4860,00;183;6,6;D;nao;nao;nao
TB1474;40;2;24;6710,00;434;5,2;C;sim;nao;nao
TB1475;35;1;19;5740,00;231;6,2;C;sim;nao;nao
TB1476;36;1;28;8570,00;695;3,6;A;sim;nao;nao
TB1477;27;2;15;6920,00;743;3,6;A;nao;nao;nao
TB1478;34;3;13;6400,00;126;3,9;C;sim;nao;nao
TB1479;54;3;32;17560,00;958;7,2;A;sim;nao;nao
TB1480;35;1;15;4670,00;397;9,0;C;sim;nao;nao
TB1481;36;1;27;9870,00;214;2,7;A;sim;nao;nao
TB1482;40;1;33;12380,00;527;6,3;A;sim;sim;nao
TB1483;36;1;21;11440,00;1246;9,0;C;sim;nao;nao
TB1484;29;1;17;4760,00;205;2,3;D;sim;nao;nao
TB1485;51;2;33;27830,00;1107;5,7;C;sim;sim;nao
TB1486;36;1;16;5020,00;160;4,4;A;sim;sim;nao
TB1487;56;1;43;16170,00;949;6,6;B;sim;nao;nao
TB1488;35;2;23;7620,00;909;10,0;A;nao;sim;nao
TB1489;41;1;14;5410,00;584;7,8;A;nao;nao;nao
TB1490;35;3;16;5740,00;90;3,5;A;nao;nao;nao
TB1491;58;1;31;9660,00;664;6,0;C;sim;sim;nao
TB1492;39;1;27;6310,00;667;4,1;A;sim;nao;nao
TB1493;43;1;18;6260,00;343;6,8;D;sim;nao;nao
TB1494;32;1;16;5390,00;734;6,1;A;sim;sim;nao
TB1495;35;3;23;11810,00;790;7,5;B;sim;nao;nao
TB1496;41;1;24;5760,00;582;2,6;B;sim;sim;nao
TB1497;47;1;17;6310,00;910;4,0;D;sim;nao;nao
TB1498;40;1;30;9380,00;1715;6,7;C;sim;sim;nao
TB1499;40;2;20;9620,00;355;4,4;B;sim;nao;nao
TB1500;32;3;16;5750,00;386;3,4;A;sim;sim;nao
TB1501;49;2;30;8410,00;689;4,2;B;nao;sim;nao
TB1502;33;1;21;7320,00;944;6,3;C;sim;nao;nao
TB1503;34;1;14;4990,00;515;4,0;C;sim;sim;nao
TB1504;39;3;23;9910,00;1495;3,4;A;nao;sim;nao
TB1505;42;1;19;4970,00;321;4,4;C;nao;nao;nao
TB1506;46;2;23;6690,00;889;7,9;C;sim;nao;nao
TB1507;51;3;34;21690,00;1667;6,3;A;sim;nao;nao
TB1508;49;2;32;20190,00;1265;5,7;D;sim;sim;nao
TB1509;27;4;13;5860,00;341;7,5;C;sim;sim;nao
TB1510;31;1;20;6800,00;922;4,7;A;sim;sim;nao
TB1511;40;3;17;5000,00;528;3,7;B;sim;sim;nao
TB1512;40;2;27;14540,00;1179;3,2;A;nao;nao;nao
TB1513;36;1;22;4750,00;230;4,0;C;sim;nao;nao
TB1514;39;1;29;6330,00;946;6,1;C;sim;nao;nao
TB1515;45;1;20;7260,00;549;5,0;A;sim;nao;nao
TB1516;40;3;21;6400,00;334;2,0;C;sim;nao;nao
TB1517;40;2;25;6850,00;404;8,2;A;sim;nao;nao
TB1518;34;2;16;5350,00;372;5,3;B;sim;sim;nao
TB1519;36;2;25;11120,00;402;6,1;D;sim;nao;nao
TB1520;30;2;21;5980,00;355;4,0;C;nao;sim;nao
TB1521;47;1;39;10610,00;196;5,2;A;sim;sim;nao
TB1522;39;1;31;7310,00;163;6,9;A;nao;sim;nao
TB1523;43;1;28;7340,00;797;5,9;D;nao;sim;nao
TB1524;44;1;16;5400,00;646;6,3;C;sim;sim;sim
TB1525;28;2;16;4710,00;326;4,3;D;sim;nao;sim
TB1526;34;4;20;8710,00;1668;4,1;B;nao;sim;sim
TB1527;28;1;15;5950,00;617;4,2;A;sim;nao;sim
TB1528;35;5;16;6530,00;338;4,7;C;sim;sim;sim
TB1529;37;1;12;5430,00;579;5,2;B;sim;nao;sim
TB1530;34;3;16;6410,00;1236;5,2;D;sim;sim;sim
TB1531;29;2;18;5750,00;301;4,8;C;nao;nao;sim
TB1532;35;2;19;4910,00;779;5,3;A;sim;sim;sim
TB1533;36;1;16;6510,00;1292;0,4;B;sim;nao;sim
TB1534;29;4;14;8010,00;200;1,4;A;sim;sim;sim
TB1535;43;2;16;5650,00;874;3,6;B;sim;nao;sim
TB1536;35;1;14;7380,00;538;4,9;C;sim;sim;sim
TB1537;36;2;24;8530,00;1410;2,7;C;sim;sim;sim
TB1538;34;4;19;5650,00;1867;6,0;B;sim;nao;sim
TB1539;43;2;16;5160,00;555;5,1;B;sim;nao;sim
TB1540;28;1;14;4810,00;1299;3,3;D;sim;sim;sim
TB1541;30;1;19;5190,00;429;3,8;A;sim;sim;sim
TB1542;26;1;13;5030,00;1092;5,7;D;nao;sim;sim
TB1543;42;1;26;8660,00;1710;5,2;A;sim;sim;sim
TB1544;41;1;12;5210,00;149;4,4;B;nao;nao;sim
TB1545;30;4;13;5310,00;950;3,1;B;sim;sim;sim
TB1546;48;2;37;11020,00;2851;7,2;B;sim;sim;sim
TB1547;38;1;18;5850,00;1404;5,9;D;sim;nao;sim
TB1548;32;4;13;10770,00;1401;2,0;B;nao;nao;sim
TB1549;37;4;14;4770,00;22;2,6;A;nao;nao;sim
TB1550;29;2;15;5150,00;546;9,7;A;sim;sim;sim
TB1551;32;1;14;6250,00;550;6,9;B;sim;nao;sim
TB1552;27;1;15;5080,00;602;4,5;B;nao;nao;sim
TB1553;42;1;13;5610,00;1231;5,8;B;sim;nao;sim
TB1554;28;1;17;6140,00;1374;1,1;B;nao;nao;sim
TB1555;32;1;13;4610,00;254;4,0;B;sim;sim;sim
TB1556;36;4;12;5480,00;1110;5,7;B;nao;nao;sim
TB1557;33;2;12;5000,00;231;4,5;B;sim;sim;sim
TB1558;34;1;23;9560,00;1229;5,6;D;sim;sim;sim
TB1559;30;4;15;10080,00;1042;2,3;D;sim;nao;sim
TB1560;26;1;19;5140,00;842;5,2;C;sim;nao;sim
TB1561;27;1;17;5000,00;287;0,1;D;nao;nao;sim
TB1562;27;4;13;4330,00;664;3,5;D;nao;sim;sim
TB1563;48;1;25;10640,00;3004;8,1;B;sim;sim;sim
TB1564;40;1;16;5630,00;207;5,3;B;sim;nao;sim
TB1565;33;1;25;5790,00;1579;2,1;B;sim;nao;sim
TB1566;33;3;20;7920,00;1230;4,1;D;nao;nao;sim
TB1567;31;2;12;5530,00;504;4,6;A;sim;sim;sim
TB1568;50;2;29;14830,00;3089;4,1;B;sim;nao;sim
TB1569;27;1;13;4790,00;1333;3,6;D;sim;nao;sim
TB1570;28;1;12;4480,00;592;7,0;B;sim;sim;sim
TB1571;25;1;13;5500,00;1230;1,8;A;nao;nao;sim
TB1572;36;1;13;4750,00;823;2,0;B;nao;sim;sim
TB1573;33;1;16;7120,00;1226;10,0;D;nao;nao;sim
TB1574;24;3;12;5630,00;857;7,1;C;nao;nao;sim
TB1575;25;2;14;5340,00;553;3,7;C;sim;nao;sim
TB1576;35;1;17;5000,00;756;8,6;D;nao;nao;sim
TB1577;45;2;31;11350,00;1162;0,7;D;sim;nao;sim
TB1578;32;1;17;4920,00;1153;6,4;D;sim;sim;sim
TB1579;38;3;16;6750,00;928;6,7;B;nao;sim;sim
TB1580;24;1;12;4210,00;1137;6,3;D;sim;nao;sim
TB1581;26;2;14;8670,00;633;2,7;D;sim;nao;sim
TB1582;40;4;15;8120,00;885;1,3;A;nao;nao;sim
TB1583;37;3;14;6350,00;814;4,8;A;nao;nao;sim
TB1584;43;1;27;7270,00;585;10,0;B;sim;nao;sim
TB1585;39;2;14;6300,00;1033;9,3;D;nao;sim;sim
TB1586;48;1;14;5510,00;741;4,6;C;sim;sim;sim
TB1587;30;1;12;5240,00;846;4,3;B;sim;nao;sim
TB1588;27;3;15;5160,00;107;2,4;B;sim;nao;sim
TB1589;38;2;18;5060,00;968;9,2;D;nao;sim;sim
TB1590;29;2;12;4560,00;613;1,3;D;sim;sim;sim
TB1591;45;1;12;5080,00;881;4,5;B;nao;nao;sim
TB1592;26;1;18;5270,00;915;3,8;A;sim;sim;sim
TB1593;39;3;17;6920,00;1409;1,8;B;sim;nao;sim
TB1594;44;2;14;5270,00;505;8,6;B;nao;nao;sim
TB1595;25;1;17;5110,00;453;6,8;D;sim;nao;sim
TB1596;40;3;12;8740,00;247;3,5;B;sim;nao;sim
TB1597;29;1;15;6280,00;701;4,7;B;nao;nao;sim
TB1598;54;1;19;6570,00;419;4,0;D;sim;nao;sim
TB1599;45;3;19;7610,00;1415;6,0;D;sim;nao;sim
TB1600;29;1;15;5070,00;623;6,4;C;sim;nao;sim
TB1601;38;2;16;10030,00;707;8,1;D;sim;nao;sim
TB1602;27;1;16;5040,00;99;3,1;B;sim;nao;sim
TB1603;39;2;15;10410,00;1514;3,4;D;nao;nao;sim
TB1604;24;2;14;5010,00;690;5,9;A;nao;nao;sim
TB1605;48;4;19;18270,00;2513;5,5;A;sim;nao;sim
TB1606;32;3;14;4650,00;834;8,5;B;sim;sim;sim
TB1607;28;1;17;5080,00;845;4,2;A;sim;sim;sim
TB1608;50;1;35;10810,00;258;6,1;B;sim;nao;sim
TB1609;31;3;17;6350,00;670;3,6;B;sim;nao;sim
TB1610;29;1;20;4940,00;1455;3,8;D;sim;nao;sim
TB1611;31;1;13;5480,00;481;5,3;D;sim;sim;sim
TB1612;40;1;12;4750,00;643;4,1;D;sim;sim;sim
TB1613;34;1;22;5800,00;284;7,1;B;sim;nao;sim
TB1614;31;1;22;6310,00;540;5,4;D;sim;sim;sim
TB1615;28;1;17;5400,00;441;7,5;D;nao;nao;sim
TB1616;43;3;12;6640,00;447;10,3;A;sim;sim;sim
TB1617;45;1;14;5260,00;386;5,6;A;nao;nao;sim
TB1618;31;1;13;4740,00;154;3,0;D;nao;sim;sim
TB1619;29;1;19;5020,00;822;3,9;D;nao;sim;sim
TB1620;49;4;16;7490,00;1253;3,1;B;sim;sim;sim
TB1621;42;3;12;7910,00;1140;2,6;D;nao;sim;sim
TB1622;48;3;24;9000,00;2157;7,3;D;sim;sim;sim
TB1623;25;1;14;4680,00;1248;1,3;D;sim;sim;sim
TB1624;42;2;18;9350,00;795;3,8;D;sim;nao;sim
TB1625;26;2;12;4780,00;417;5,9;C;sim;nao;sim
TB1626;24;1;17;5620,00;239;2,9;A;sim;nao;sim
TB1627;26;4;12;5490,00;704;4,7;A;sim;nao;sim
TB1628;27;1;14;4370,00;562;3,5;D;sim;nao;sim
TB1629;35;1;14;4970,00;842;4,2;D;sim;nao;sim
TB1630;54;1;38;11660,00;1693;6,0;D;nao;sim;sim
TB1631;35;1;27;10500,00;1263;5,4;B;nao;sim;sim
TB1632;33;2;24;9990,00;1440;6,0;A;sim;nao;sim
TB1633;24;3;12;5650,00;179;7,2;B;sim;sim;sim
TB1634;40;3;22;6190,00;1908;1,5;B;nao;nao;sim
TB1635;30;2;20;6260,00;1416;6,2;B;nao;nao;sim
TB1636;41;2;15;6820,00;1467;6,5;D;nao;nao;sim
TB1637;45;2;34;22330,00;1601;0,9;C;sim;nao;sim
TB1638;45;1;26;7500,00;972;1,0;D;sim;nao;sim
TB1639;35;1;16;5500,00;1207;5,3;B;nao;sim;sim
TB1640;28;1;15;4750,00;371;5,9;D;sim;nao;sim
TB1641;36;1;13;5740,00;365;9,7;D;sim;nao;sim
TB1642;23;1;13;4530,00;453;3,5;D;sim;sim;sim
TB1643;53;3;24;6710,00;1476;2,3;B;sim;sim;sim
TB1644;34;1;12;4960,00;355;4,9;A;sim;nao;sim
TB1645;31;2;14;4630,00;231;2,9;B;sim;nao;sim
TB1646;35;4;13;5630,00;681;8,7;D;sim;sim;sim
TB1647;38;2;21;8710,00;1361;4,9;A;sim;nao;sim
TB1648;27;2;14;5220,00;1039;3,4;B;sim;sim;sim
TB1649;44;3;14;7990,00;2103;4,4;A;nao;nao;sim
TB1650;36;1;25;9170,00;1086;2,2;A;sim;nao;sim
TB1651;41;2;21;10680,00;1673;5,4;A;sim;nao;sim
TB1652;33;2;22;7720,00;2033;4,8;A;nao;nao;sim
TB1653;38;3;13;5620,00;771;4,0;C;sim;nao;sim
TB1654;32;4;13;5030,00;608;8,7;B;nao;nao;sim
TB1655;34;5;15;29010,00;3591;5,3;A;sim;nao;sim
TB1656;38;3;15;6530,00;1322;5,9;D;sim;nao;sim
TB1657;49;2;37;29040,00;3104;4,0;C;nao;nao;sim
TB1658;32;4;12;13470,00;1449;5,5;B;sim;nao;sim
TB1659;32;1;12;4870,00;533;6,5;D;sim;sim;sim
TB1660;38;1;28;15060,00;1737;4,4;D;sim;nao;sim
TB1661;25;1;16;4400,00;821;5,7;A;nao;sim;sim
TB1662;40;1;13;5530,00;444;3,4;D;sim;nao;sim
TB1663;31;1;14;4970,00;1135;4,5;A;sim;nao;sim
TB1664;59;2;48;30030,00;5705;6,6;A;sim;sim;sim
TB1665;40;2;14;6220,00;1328;5,5;A;sim;sim;sim
TB1666;36;1;12;5510,00;613;7,9;C;nao;nao;sim
TB1667;43;4;15;9050,00;669;1,9;D;sim;nao;sim
TB1668;53;1;13;5050,00;367;4,2;C;sim;nao;sim
TB1669;36;1;14;4760,00;585;7,6;A;nao;sim;sim
TB1670;31;1;17;5310,00;1515;7,5;B;sim;sim;sim
TB1671;26;1;12;4760,00;314;5,1;C;nao;sim;sim
TB1672;33;3;12;5450,00;750;8,2;D;sim;sim;sim
TB1673;27;4;12;5330,00;150;4,3;D;sim;nao;sim
TB1674;34;1;16;4840,00;624;5,3;C;sim;nao;sim
TB1675;41;4;25;10620,00;2559;8,8;D;sim;sim;sim
TB1676;39;2;17;9510,00;539;5,3;B;nao;sim;sim
TB1677;28;1;17;4810,00;1227;4,4;B;sim;sim;sim
TB1678;28;1;13;4510,00;855;7,8;B;sim;nao;sim
TB1679;54;1;46;27810,00;4777;5,6;C;sim;nao;sim
TB1680;28;1;16;4660,00;1094;1,6;A;nao;sim;sim
TB1681;34;1;18;7680,00;1301;3,8;B;sim;nao;sim
TB1682;42;2;20;5580,00;1161;3,9;C;sim;nao;sim
TB1683;40;1;17;4870,00;1741;5,1;B;sim;sim;sim
TB1684;51;1;21;8400,00;771;7,2;B;nao;sim;sim
TB1685;50;2;13;5170,00;1306;8,1;B;sim;sim;sim
TB1686;36;2;26;7940,00;881;4,3;B;sim;sim;sim
TB1687;28;2;18;5150,00;376;3,5;B;sim;nao;sim
TB1688;44;1;18;6020,00;125;5,3;D;sim;sim;sim
TB1689;28;4;14;5570,00;303;2,7;B;nao;nao;sim
TB1690;36;2;17;6310,00;1332;6,6;B;sim;nao;sim
TB1691;48;3;14;7730,00;372;8,2;B;sim;sim;sim
TB1692;29;1;12;4620,00;545;6,7;B;sim;nao;sim
TB1693;43;1;14;5350,00;957;5,9;A;sim;sim;sim
TB1694;33;3;13;7400,00;1135;6,1;A;sim;nao;sim
TB1695;34;1;13;5210,00;770;4,2;A;nao;nao;sim
TB1696;31;1;16;7530,00;2034;8,8;D;sim;nao;sim
TB1697;44;3;13;4740,00;679;5,7;D;nao;sim;sim
TB1698;34;1;21;6000,00;1483;6,5;B;sim;nao;sim
TB1699;29;2;17;7280,00;1576;2,9;D;nao;sim;sim
TB1700;48;2;26;12350,00;1872;2,9;A;sim;sim;sim
TB1701;43;4;27;17980,00;5002;5,5;A;nao;sim;sim
TB1702;31;1;23;7910,00;1063;4,4;C;nao;nao;sim
TB1703;55;1;42;19400,00;5872;5,5;D;sim;sim;sim
TB1704;33;2;13;4820,00;595;2,3;A;sim;nao;sim
TB1705;43;1;30;15480,00;5294;6,1;B;sim;sim;sim
TB1706;32;1;18;6500,00;1145;6,9;B;sim;sim;sim
TB1707;50;4;28;20260,00;2925;3,6;A;nao;sim;sim
TB1708;34;2;21;9000,00;1229;6,1;D;nao;nao;sim
TB1709;38;4;18;6130,00;238;4,4;A;sim;sim;sim
TB1710;38;2;25;12560,00;2959;9,1;B;sim;sim;sim
TB1711;30;2;17;7390,00;855;4,2;D;sim;nao;sim
TB1712;34;3;13;4630,00;512;3,2;B;nao;sim;sim
TB1713;55;2;12;5230,00;1231;6,6;B;sim;nao;sim
TB1714;42;1;12;5090,00;286;4,4;B;nao;sim;sim
TB1715;37;3;19;8360,00;1441;3,4;B;nao;sim;sim
TB1716;39;3;16;10830,00;2813;3,4;D;sim;nao;sim
TB1717;26;2;16;6660,00;327;3,3;D;nao;nao;sim
TB1718;38;4;19;12570,00;2911;3,6;D;sim;nao;sim
TB1719;29;1;17;5410,00;762;4,9;A;sim;sim;sim
TB1720;27;1;15;4980,00;401;6,4;D;sim;sim;sim
TB1721;31;2;14;7130,00;1050;5,3;B;sim;nao;sim
TB1722;43;1;14;5640,00;761;4,6;D;nao;sim;sim
TB1723;37;1;15;6320,00;702;5,7;C;nao;nao;sim
TB1724;37;1;12;5280,00;467;4,1;D;sim;nao;sim
TB1725;26;2;16;5640,00;832;5,5;D;nao;nao;sim
TB1726;35;3;16;6960,00;889;3,9;A;nao;nao;sim
TB1727;51;2;13;4740,00;637;5,6;B;sim;nao;sim
TB1728;26;1;17;5370,00;1114;5,3;D;sim;sim;sim
TB1729;31;1;19;4870,00;506;5,4;B;nao;sim;sim
TB1730;31;3;18;5320,00;528;5,7;B;sim;nao;sim
TB1731;33;1;21;6530,00;697;3,8;D;sim;nao;sim
TB1732;33;4;13;6190,00;995;5,7;B;sim;nao;sim
TB1733;25;1;14;4740,00;1168;1,9;A;sim;nao;sim
TB1734;40;2;12;6730,00;1424;5,3;A;sim;nao;sim
TB1735;25;3;12;5640,00;605;7,9;A;sim;nao;sim
TB1736;41;2;25;7530,00;560;1,8;A;sim;nao;sim
TB1737;30;1;12;5720,00;416;7,4;B;sim;sim;sim
TB1738;51;3;22;9330,00;3554;4,4;C;nao;sim;sim
TB1739;27;2;15;6180,00;944;11,0;B;nao;nao;sim
TB1740;29;1;19;5910,00;295;5,4;D;sim;sim;sim
TB1741;35;2;20;4990,00;971;3,3;B;sim;sim;sim
TB1742;35;1;13;5090,00;211;4,1;D;sim;sim;sim
TB1743;34;1;12;5360,00;804;6,5;A;sim;nao;sim
TB1744;51;2;12;5520,00;441;5,5;D;sim;nao;sim
TB1745;32;1;19;5690,00;1032;6,3;D;nao;nao;sim
TB1746;43;2;19;5460,00;915;5,0;D;sim;sim;sim
TB1747;45;1;34;14090,00;1084;6,3;B;sim;nao;sim
TB1748;37;2;12;5730,00;781;3,8;B;sim;sim;sim
TB1749;44;3;16;11410,00;1897;5,7;B;sim;sim;sim
TB1750;41;1;29;9840,00;3023;5,2;B;nao;sim;sim
TB1751;47;3;13;6960,00;683;6,1;C;nao;sim;sim
TB1752;47;2;29;8580,00;1077;5,6;B;nao;nao;sim
TB1753;38;1;13;5040,00;483;5,8;B;sim;nao;sim
TB1754;35;1;14;5970,00;1327;3,0;A;sim;sim;sim
TB1755;52;1;17;6090,00;401;7,6;B;nao;nao;sim
TB1756;29;1;18;5260,00;1457;7,4;D;nao;sim;sim
TB1757;42;3;28;7200,00;1161;6,1;A;sim;sim;sim
TB1758;40;3;16;9980,00;1841;3,3;D;sim;nao;sim
TB1759;35;1;16;4970,00;1184;3,7;D;nao;sim;sim
TB1760;38;1;14;4900,00;1044;3,3;D;nao;nao;sim
TB1761;37;2;16;5390,00;473;5,1;C;sim;nao;sim
TB1762;27;2;18;4820,00;871;4,7;D;sim;nao;sim
TB1763;46;1;14;5600,00;1115;5,4;D;nao;sim;sim
TB1764;39;4;23;9490,00;1594;3,0;B;nao;nao;sim
TB1765;31;1;22;6030,00;757;5,1;B;sim;sim;sim
TB1766;47;2;35;14260,00;1980;3,3;D;sim;nao;sim
TB1767;30;3;17;7620,00;536;6,5;B;sim;sim;sim
TB1768;36;2;20;6430,00;365;5,5;A;sim;sim;sim
TB1769;43;3;15;7760,00;1775;6,1;D;sim;sim;sim
TB1770;23;1;13;5230,00;769;4,2;C;sim;sim;sim
TB1771;50;1;14;5530,00;106;5,9;B;nao;nao;sim
TB1772;25;2;12;5750,00;918;7,1;A;sim;nao;sim
TB1773;36;2;13;5970,00;2278;2,5;D;nao;nao;sim
TB1774;41;2;13;5420,00;726;9,5;D;sim;nao;sim
TB1775;30;1;20;6080,00;37;3,2;B;sim;sim;sim
TB1776;35;1;17;8600,00;1562;4,1;A;nao;nao;sim
TB1777;26;2;12;5440,00;1692;5,5;A;nao;sim;sim
TB1778;37;2;26;8610,00;1497;4,3;B;sim;nao;sim
TB1779;27;1;15;5510,00;117;6,2;D;sim;nao;sim
TB1780;43;3;17;9360,00;1883;3,9;D;sim;nao;sim
TB1781;36;2;25;8710,00;1239;4,1;B;sim;nao;sim
TB1782;35;1;27;9890,00;1978;4,3;A;sim;nao;sim
TB1783;33;2;18;5890,00;838;6,4;D;nao;nao;sim
TB1784;34;3;12;4860,00;519;4,3;B;nao;sim;sim
TB1785;43;2;19;6230,00;771;2,4;A;nao;sim;sim
TB1786;49;3;12;6410,00;566;4,8;B;sim;nao;sim
TB1787;40;1;16;5270,00;569;8,0;A;sim;sim;sim
TB1788;30;1;20;5500,00;1245;6,1;B;sim;sim;sim
TB1789;34;2;15;4480,00;689;2,8;B;sim;sim;sim
TB1790;28;2;15;5360,00;204;7,4;B;nao;sim;sim
TB1791;48;1;13;5840,00;315;1,9;B;sim;nao;sim
TB1792;40;1;26;5790,00;761;5,2;D;sim;nao;sim
TB1793;33;1;14;4930,00;423;5,0;A;sim;nao;sim
TB1794;28;1;13;4880,00;600;4,7;B;sim;sim;sim
TB1795;36;1;18;5970,00;1425;3,8;A;nao;nao;sim
TB1796;29;1;13;4860,00;1352;6,7;D;nao;nao;sim
TB1797;37;2;24;7790,00;2094;5,3;B;sim;sim;sim
TB1798;33;4;17;6690,00;737;2,3;B;sim;nao;sim
TB1799;44;1;16;4860,00;277;3,6;D;sim;nao;sim
TB1800;43;2;14;6010,00;533;5,8;A;sim;sim;sim
TB1801;50;3;21;13610,00;600;4,5;B;sim;sim;sim
TB1802;37;3;20;9020,00;2195;6,0;B;sim;sim;sim
TB1803;44;2;21;9850,00;1823;6,6;C;nao;sim;sim
TB1804;46;3;13;11270,00;2188;4,1;D;sim;nao;sim
TB1805;29;3;16;7970,00;657;3,0;B;sim;nao;sim
TB1806;32;1;12;6760,00;1654;4,4;A;sim;sim;sim
TB1807;57;2;38;28360,00;1539;6,9;B;nao;nao;sim
TB1808;35;1;27;6210,00;1341;3,8;D;sim;nao;sim
TB1809;47;3;13;5000,00;1349;6,8;D;sim;nao;sim
TB1810;40;1;17;5390,00;1813;4,1;D;nao;nao;sim
TB1811;26;2;15;5720,00;86;5,6;A;sim;nao;sim
TB1812;41;1;17;5520,00;304;1,7;C;sim;sim;sim
TB1813;41;5;18;25960,00;4197;5,5;B;nao;sim;sim
TB1814;28;1;19;5870,00;339;6,5;D;sim;nao;sim
TB1815;32;1;14;4470,00;750;0,1;B;sim;sim;sim
TB1816;45;1;13;6830,00;1714;4,8;B;sim;sim;sim
TB1817;23;2;13;4830,00;739;4,9;D;sim;nao;sim
TB1818;33;4;12;4870,00;1048;5,3;A;sim;nao;sim
TB1819;42;3;18;6540,00;2434;6,2;A;sim;sim;sim
TB1820;37;1;14;5140,00;810;1,6;D;nao;nao;sim
TB1821;40;2;12;6230,00;859;2,2;B;nao;nao;sim
TB1822;24;2;13;4380,00;135;6,6;B;sim;nao;sim
TB1823;39;2;16;7840,00;757;1,6;D;sim;nao;sim
TB1824;37;2;18;7190,00;832;4,8;D;nao;nao;sim
TB1825;46;1;29;6890,00;803;3,0;D;nao;sim;sim
TB1826;36;3;22;23080,00;2123;4,7;A;sim;sim;sim
TB1827;48;2;12;5650,00;724;8,2;B;nao;nao;sim
TB1828;23;2;12;4390,00;1072;7,5;A;sim;nao;sim
TB1829;33;3;12;4580,00;380;6,8;C;sim;nao;sim
TB1830;36;3;13;6390,00;777;5,8;B;nao;nao;sim
TB1831;28;1;19;5160,00;1185;3,8;D;sim;nao;sim
TB1832;58;2;19;8500,00;663;5,0;C;sim;nao;sim
TB1833;29;3;13;5240,00;1255;5,6;B;sim;sim;sim
TB1834;33;1;20;6080,00;854;3,3;B;nao;nao;sim
TB1835;26;1;13;4590,00;678;7,3;B;sim;nao;sim
TB1836;42;3;12;5860,00;473;7,3;D;sim;nao;sim
TB1837;42;3;14;5330,00;657;7,2;B;sim;nao;sim
TB1838;42;1;12;5430,00;1160;4,6;D;nao;nao;sim
TB1839;24;1;13;4730,00;1226;4,6;B;sim;nao;sim
TB1840;26;1;14;4850,00;474;2,2;B;sim;sim;sim
TB1841;36;2;15;8340,00;1385;6,1;D;sim;nao;sim
TB1842;50;1;42;15500,00;2222;2,4;B;nao;sim;sim
TB1843;43;2;18;6390,00;738;5,3;C;sim;nao;sim
TB1844;30;2;16;5080,00;651;5,0;A;sim;sim;sim
TB1845;46;1;34;11580,00;1696;9,0;D;sim;nao;sim
TB1846;32;2;16;6210,00;309;4,0;B;nao;nao;sim
TB1847;38;1;12;5640,00;130;7,4;B;sim;nao;sim
TB1848;30;2;18;9040,00;1205;8,3;B;sim;sim;sim
TB1849;28;1;16;5210,00;1448;6,3;D;nao;nao;sim
TB1850;42;3;14;8340,00;1233;3,7;B;nao;nao;sim
TB1851;35;1;12;5130,00;144;2,6;C;nao;nao;sim
TB1852;26;3;13;8210,00;512;4,3;D;sim;nao;sim
TB1853;27;1;18;5070,00;657;2,9;D;sim;sim;sim
TB1854;43;2;18;6720,00;216;3,0;A;sim;sim;sim
TB1855;33;1;20;5840,00;1264;3,9;B;sim;sim;sim
TB1856;44;4;16;17440,00;4128;3,0;A;sim;nao;sim
TB1857;31;1;15;5710,00;223;7,7;A;nao;nao;sim
TB1858;45;2;18;10920,00;861;3,9;C;sim;nao;sim
TB1859;30;3;17;4840,00;113;4,7;B;sim;nao;sim
TB1860;28;3;15;6040,00;1088;10,9;A;sim;nao;sim
TB1861;30;2;17;5630,00;491;5,3;D;sim;sim;sim
TB1862;24;2;13;4850,00;565;6,8;B;sim;nao;sim
TB1863;31;1;18;4890,00;279;2,5;D;sim;sim;sim
TB1864;34;2;13;4670,00;568;8,5;A;sim;nao;sim
TB1865;30;2;18;6730,00;556;6,5;B;sim;nao;sim
TB1866;26;1;13;4430,00;970;4,7;B;sim;sim;sim
TB1867;27;2;12;4470,00;364;6,2;D;sim;nao;sim
TB1868;30;1;14;5190,00;999;3,8;A;sim;nao;sim
TB1869;28;3;15;5640,00;927;4,7;B;sim;sim;sim
TB1870;33;1;12;5030,00;395;5,6;A;sim;nao;sim
TB1871;49;2;12;5700,00;1710;4,3;B;sim;sim;sim
TB1872;30;3;14;9020,00;338;2,5;B;nao;sim;sim
TB1873;42;1;18;9770,00;560;5,7;D;sim;sim;sim
TB1874;32;3;19;11070,00;1878;1,9;B;nao;nao;sim
TB1875;52;3;33;11470,00;2429;3,6;A;sim;nao;sim
TB1876;28;3;13;7760,00;721;7,8;A;sim;sim;sim
TB1877;43;1;27;8170,00;2573;3,8;B;sim;nao;sim
TB1878;30;5;12;9410,00;426;4,8;B;nao;sim;sim
TB1879;28;1;21;4720,00;1027;8,0;D;sim;nao;sim
TB1880;34;2;19;6690,00;472;8,5;B;sim;nao;sim
TB1881;39;1;13;4960,00;635;5,7;A;sim;nao;sim
TB1882;29;1;20;6000,00;1693;6,8;D;nao;nao;sim
TB1883;38;1;15;5100,00;799;3,3;D;sim;sim;sim
TB1884;32;2;21;6480,00;618;4,9;D;nao;sim;sim
TB1885;46;1;17;7530,00;1954;6,6;D;sim;sim;sim
TB1886;32;1;14;4650,00;1321;9,1;A;sim;nao;sim
TB1887;29;2;17;6620,00;1019;4,7;C;nao;nao;sim
TB1888;35;4;21;8470,00;1394;2,9;C;sim;sim;sim
TB1889;32;1;12;5540,00;1592;4,8;B;sim;sim;sim
TB1890;32;2;21;9010,00;765;5,6;A;sim;nao;sim
TB1891;37;2;14;6800,00;565;4,4;B;sim;nao;sim
TB1892;30;4;15;6200,00;467;7,9;D;sim;nao;sim
TB1893;28;1;20;6580,00;1104;6,7;D;sim;nao;sim
TB1894;29;2;19;6350,00;846;7,5;D;sim;nao;sim
TB1895;35;4;14;5660,00;528;8,5;A;sim;nao;sim
TB1896;38;1;27;6580,00;2090;6,0;B;nao;nao;sim
TB1897;47;2;16;6860,00;92;6,1;D;sim;nao;sim
TB1898;35;1;14;5350,00;1203;6,5;D;sim;nao;sim
TB1899;32;1;20;5570,00;939;5,8;A;sim;nao;sim
TB1900;23;2;12;4470,00;225;5,3;B;sim;sim;sim
TB1901;28;4;12;5260,00;202;3,0;A;sim;nao;sim
TB1902;42;2;13;5390,00;854;5,5;D;nao;sim;sim
TB1903;27;3;13;5180,00;1381;6,1;A;sim;sim;sim
TB1904;32;1;15;6600,00;1281;4,9;B;sim;nao;sim
TB1905;32;1;13;4610,00;1040;5,9;D;nao;nao;sim
TB1906;25;1;12;4510,00;1419;3,2;D;sim;nao;sim
TB1907;40;3;14;7430,00;711;6,5;B;sim;sim;sim
TB1908;39;1;16;4930,00;813;7,1;D;nao;nao;sim
TB1909;29;1;17;5040,00;184;7,4;D;sim;sim;sim
TB1910;31;3;18;7440,00;834;4,7;B;sim;sim;sim
TB1911;28;1;14;4540,00;216;3,9;B;nao;nao;sim
TB1912;40;2;17;5730,00;222;7,5;D;sim;sim;sim
TB1913;38;1;17;5850,00;1694;5,5;C;sim;nao;sim
TB1914;26;1;13;4830,00;2041;8,9;D;sim;sim;sim
TB1915;27;2;14;5230,00;284;7,7;A;sim;nao;sim
TB1916;37;1;18;5510,00;999;3,0;B;sim;sim;sim
TB1917;33;4;12;10620,00;807;5,7;A;sim;sim;sim
TB1918;33;1;13;5830,00;284;4,4;D;sim;nao;sim
TB1919;26;1;12;4910,00;717;4,8;B;nao;sim;sim
TB1920;45;2;21;5920,00;116;4,4;B;nao;nao;sim
TB1921;30;2;13;5660,00;1030;3,0;D;sim;sim;sim
TB1922;30;1;18;5540,00;1142;7,7;B;nao;nao;sim
TB1923;29;1;21;5940,00;686;6,1;D;sim;sim;sim
TB1924;31;1;17;6590,00;1174;4,9;C;sim;nao;sim
TB1925;40;2;12;6160,00;917;4,1;B;sim;sim;sim
TB1926;41;4;20;11310,00;2190;4,8;B;nao;sim;sim
TB1927;36;1;15;8160,00;1175;5,9;D;sim;sim;sim
TB1928;29;1;13;5710,00;897;6,0;B;sim;sim;sim
TB1929;31;1;14;5490,00;774;2,5;B;sim;sim;sim
TB1930;38;1;22;6810,00;1391;5,3;D;sim;nao;sim
TB1931;44;4;12;7400,00;1004;3,3;A;sim;sim;sim
TB1932;29;4;13;8920,00;1807;5,9;D;nao;nao;sim
TB1933;30;1;18;4890,00;2039;4,3;A;nao;nao;sim
TB1934;30;3;17;8160,00;523;2,5;C;sim;sim;sim
TB1935;37;3;20;7360,00;2570;2,0;D;sim;nao;sim
TB1936;26;4;12;5820,00;365;4,2;D;nao;nao;sim
TB1937;26;4;12;4750,00;683;5,5;A;sim;nao;sim
TB1938;25;1;12;4780,00;86;4,4;D;sim;nao;sim
TB1939;41;1;13;5730,00;485;9,2;B;sim;sim;sim
TB1940;56;1;32;10340,00;3403;4,0;B;sim;nao;sim
TB1941;36;1;28;5680,00;1213;3,9;B;sim;nao;sim
TB1942;47;1;31;11930,00;2041;9,0;D;nao;sim;sim
TB1943;33;2;22;6890,00;1038;4,4;D;sim;nao;sim
TB1944;30;2;19;9390,00;517;5,6;B;sim;sim;sim
TB1945;35;1;12;5610,00;765;6,4;D;sim;nao;sim
TB1946;36;1;27;7210,00;1773;7,2;A;sim;nao;sim
TB1947;41;1;12;5180,00;127;7,5;D;sim;nao;sim
TB1948;45;2;21;8460,00;736;7,0;B;sim;nao;sim
TB1949;26;2;14;5490,00;288;3,2;B;nao;nao;sim
TB1950;38;3;17;9430,00;386;4,6;D;sim;nao;sim
TB1951;46;2;12;5640,00;875;5,5;D;nao;sim;sim
TB1952;35;2;24;10320,00;3316;5,6;A;sim;sim;sim
TB1953;35;4;13;7570,00;1056;8,6;A;sim;sim;sim
TB1954;32;2;19;7160,00;712;4,9;B;sim;sim;sim
TB1955;31;4;15;5230,00;160;7,3;D;sim;sim;sim
TB1956;37;3;23;10070,00;1263;5,5;B;nao;sim;sim
TB1957;38;2;18;6240,00;857;4,3;B;sim;sim;sim
TB1958;37;4;16;6090,00;770;3,9;A;sim;sim;sim
TB1959;46;5;16;7390,00;1697;9,1;B;sim;nao;sim
TB1960;39;1;21;6300,00;490;6,5;B;nao;nao;sim
TB1961;50;1;15;5960,00;1054;1,1;A;sim;sim;sim
TB1962;44;4;26;7110,00;1164;5,5;D;nao;nao;sim
TB1963;31;2;12;4830,00;929;5,7;B;sim;nao;sim
TB1964;33;1;12;4910,00;477;2,8;B;sim;sim;sim
TB1965;31;2;14;6020,00;285;6,0;A;sim;nao;sim
TB1966;32;1;13;4580,00;356;4,4;A;sim;sim;sim
TB1967;42;2;16;5530,00;835;3,7;A;nao;nao;sim
TB1968;33;2;20;5540,00;867;5,0;D;nao;nao;sim
TB1969;34;3;21;6400,00;471;2,8;A;nao;nao;sim
TB1970;29;3;13;4310,00;297;2,9;A;sim;nao;sim
TB1971;37;2;16;10680,00;3167;5,2;A;sim;nao;sim
TB1972;27;2;13;4850,00;496;5,2;D;nao;sim;sim
TB1973;28;2;13;6100,00;728;4,9;A;sim;nao;sim
TB1974;43;1;14;5940,00;272;5,9;D;nao;nao;sim
TB1975;35;4;19;12390,00;552;5,7;B;nao;sim;sim
TB1976;53;2;14;6990,00;530;4,8;D;nao;sim;sim
TB1977;28;3;15;6920,00;1009;3,4;D;nao;nao;sim
TB1978;34;1;12;5860,00;403;4,6;B;sim;sim;sim
TB1979;24;1;12;4300,00;596;9,1;A;sim;sim;sim
TB1980;31;5;12;8960,00;1717;6,4;A;sim;nao;sim
TB1981;32;2;15;4530,00;287;5,2;B;sim;nao;sim
TB1982;29;4;13;5560,00;499;3,5;A;sim;nao;sim
TB1983;35;2;12;6700,00;374;6,7;B;sim;nao;sim
TB1984;57;2;12;7540,00;1011;5,3;B;sim;sim;sim
TB1985;34;1;14;5540,00;29;4,7;A;sim;nao;sim
TB1986;47;3;33;25480,00;3172;5,8;C;sim;sim;sim
TB1987;31;1;18;5210,00;913;8,5;B;sim;nao;sim
TB1988;34;1;23;5500,00;409;9,0;B;nao;sim;sim
TB1989;45;1;37;21290,00;3436;3,6;D;nao;sim;sim
TB1990;24;1;14;4650,00;225;0,6;D;sim;nao;sim
TB1991;51;4;19;15940,00;1758;4,2;A;sim;nao;sim
TB1992;31;2;18;4920,00;1365;1,8;D;sim;nao;sim
TB1993;34;1;15;6660,00;1291;4,4;C;sim;nao;sim
TB1994;43;3;12;5330,00;705;8,3;B;sim;nao;sim
TB1995;29;1;14;5740,00;513;9,1;A;sim;sim;sim
TB1996;31;4;15;10170,00;625;1,5;A;nao;sim;sim
TB1997;37;4;18;12230,00;4322;4,6;A;sim;sim;sim
TB1998;29;5;12;5590,00;517;6,7;A;sim;nao;sim
TB1999;34;1;14;4760,00;528;6,9;C;sim;nao;sim
TB2000;31;1;20;6150,00;1076;3,2;D;sim;nao;sim
